"","label","locality","variant","col"
"1","USA_CA_CDC_2_3829437_2021","LA","B1243","red"
"2","USA_CA_CDC_2_3973064_2021",NA,NA,NA
"3","USA_CA_CDC_2_3975895_2021",NA,NA,NA
"4","USA_CA_CDC_2_3975964_2021",NA,NA,NA
"5","USA_CA_CDC_2_4173827_2021",NA,NA,NA
"6","USA_CA_CDC_2_4173828_2021",NA,NA,NA
"7","USA_CA_CDC_2_4173847_2021",NA,NA,NA
"8","USA_CA_CDC_2_4173953_2021",NA,NA,NA
"9","USA_CA_CDC_2_4173956_2021",NA,NA,NA
"10","USA_CA_CDC_2_4173972_2021",NA,NA,NA
"11","USA_CA_CDC_2_4173975_2021",NA,NA,NA
"12","USA_CA_CDC_2_4173988_2021",NA,NA,NA
"13","USA_CA_CDC_2_4173996_2021",NA,NA,NA
"14","USA_CA_CDC_2_4174052_2021",NA,NA,NA
"15","USA_CA_CDC_2_4174053_2021",NA,NA,NA
"16","USA_CA_CDC_2_4174057_2021",NA,NA,NA
"17","USA_CA_CDC_2_4174058_2021",NA,NA,NA
"18","USA_CA_CDC_2_4176943_2021",NA,NA,NA
"19","USA_CA_CDC_2_4214115_2021",NA,NA,NA
"20","USA_CA_CDC_2_4214120_2021",NA,NA,NA
"21","USA_CA_CDC_2_4214121_2021",NA,NA,NA
"22","USA_CA_CDC_2_4214128_2021",NA,NA,NA
"23","USA_CA_CDC_2_4214141_2021",NA,NA,NA
"24","USA_CA_CDC_2_4214147_2021",NA,NA,NA
"25","USA_CA_CDC_2_4214148_2021",NA,NA,NA
"26","USA_CA_CDC_2_4214214_2021",NA,NA,NA
"27","USA_CA_CDC_2_4214219_2021",NA,NA,NA
"28","USA_CA_CDC_2_4214228_2021","LA","B1243","red"
"29","USA_CA_CDC_2_4214229_2021",NA,NA,NA
"30","USA_CA_CDC_2_4214236_2021",NA,NA,NA
"31","USA_CA_CDC_2_4214238_2021",NA,NA,NA
"32","USA_CA_CDC_2_4214242_2021",NA,NA,NA
"33","USA_CA_CDC_2_4214243_2021",NA,NA,NA
"34","USA_CA_CDC_2_4214250_2021",NA,NA,NA
"35","USA_CA_CDC_2_4242700_2021",NA,NA,NA
"36","USA_CA_CDC_2_4242759_2021",NA,NA,NA
"37","USA_CA_CDC_2_4242761_2021",NA,NA,NA
"38","USA_CA_CDC_2_4242762_2021",NA,NA,NA
"39","USA_CA_CDC_2_4242769_2021",NA,NA,NA
"40","USA_CA_CDC_2_4242770_2021",NA,NA,NA
"41","USA_CA_CDC_2_4242772_2021",NA,NA,NA
"42","USA_CA_CDC_2_4242777_2021",NA,NA,NA
"43","USA_CA_CDC_2_4242780_2021",NA,NA,NA
"44","USA_CA_CDC_2_4242781_2021",NA,NA,NA
"45","USA_CA_CDC_2_4242789_2021",NA,NA,NA
"46","USA_CA_CDC_2_4242791_2021",NA,NA,NA
"47","USA_CA_CDC_2_4242792_2021",NA,NA,NA
"48","USA_CA_CDC_2_4242794_2021",NA,NA,NA
"49","USA_CA_CDC_2_4242795_2021",NA,NA,NA
"50","USA_CA_CDC_2_4242796_2021",NA,NA,NA
"51","USA_CA_CDC_2_4242797_2021",NA,NA,NA
"52","USA_CA_CDC_2_4242853_2021",NA,NA,NA
"53","USA_CA_CDC_2_4242860_2021",NA,NA,NA
"54","USA_CA_CDC_2_4242867_2021",NA,NA,NA
"55","USA_CA_CDC_2_4242870_2021",NA,NA,NA
"56","USA_CA_CDC_2_4242877_2021",NA,NA,NA
"57","USA_CA_CDC_2_4242878_2021",NA,NA,NA
"58","USA_CA_CDC_2_4242886_2021",NA,NA,NA
"59","USA_CA_CDC_2_4242890_2021",NA,NA,NA
"60","USA_CA_CDC_2_4242892_2021",NA,NA,NA
"61","USA_CA_CDC_2_4282750_2021",NA,NA,NA
"62","USA_CA_CDC_2_4282811_2021",NA,NA,NA
"63","USA_CA_CDC_2_4282812_2021",NA,NA,NA
"64","USA_CA_CDC_2_4282816_2021",NA,NA,NA
"65","USA_CA_CDC_2_4282818_2021",NA,NA,NA
"66","USA_CA_CDC_2_4282829_2021",NA,NA,NA
"67","USA_CA_CDC_2_4282848_2021",NA,NA,NA
"68","USA_CA_CDC_2_4282905_2021",NA,NA,NA
"69","USA_CA_CDC_2_4282910_2021",NA,NA,NA
"70","USA_CA_CDC_2_4282911_2021",NA,NA,NA
"71","USA_CA_CDC_2_4369030_2021",NA,NA,NA
"72","USA_CA_CDC_2_4451271_2021",NA,NA,NA
"73","USA_CA_CDC_2_4451277_2021",NA,NA,NA
"74","USA_CA_CDC_2_4451297_2021",NA,NA,NA
"75","USA_CA_CDC_2_4451380_2021",NA,NA,NA
"76","USA_CA_CDC_2_4502848_2021",NA,NA,NA
"77","USA_CA_CDC_2_4502945_2021",NA,NA,NA
"78","USA_CA_CDCBI_FlowHealth_00341_2021",NA,NA,NA
"79","USA_CA_CDCBI_FlowHealth_00436_2021",NA,NA,NA
"80","USA_CA_CDCBI_FlowHealth_00437_2021",NA,NA,NA
"81","USA_CA_CDCBI_FlowHealth_00507_2021",NA,NA,NA
"82","USA_CA_CDCBI_FlowHealth_00522_2021",NA,NA,NA
"83","USA_CA_CDCBI_FlowHealth_10245_2021",NA,NA,NA
"84","USA_CA_CDCBI_FlowHealth_10252_2021",NA,NA,NA
"85","USA_CA_CDPH_1002004546_2020","LA","B1243","red"
"86","USA_CA_CDPH_1002004557_2020","LA","B1243","red"
"87","USA_CA_CDPH_1002004565_2020","LA","B1243","red"
"88","USA_CA_CDPH_1002004586_2020","LA","B1243","red"
"89","USA_CA_CDPH_1002004611_2020","LA","B1243","red"
"90","USA_CA_CDPH_1002004612_2020","LA","B1243","red"
"91","USA_CA_CDPH_1002004617_2020","LA","B1243","red"
"92","USA_CA_CDPH_1002004618_2020","LA","B1243","red"
"93","USA_CA_CDPH_1002004622_2020","LA","B1243","red"
"94","USA_CA_CDPH_1002004623_2020","LA","B1243","red"
"95","USA_CA_CDPH_1002004638_2020","LA","B1243","red"
"96","USA_CA_CDPH_1002004676_2020","LA","B1243","red"
"97","USA_CA_CDPH_1002004678_2020","LA","B1243","red"
"98","USA_CA_CDPH_1002004692_2020","LA","B1243","red"
"99","USA_CA_CDPH_1002004697_2020","LA","B1243","red"
"100","USA_CA_CDPH_1002004698_2020","LA","B1243","red"
"101","USA_CA_CDPH_1002004735_2020","LA","B1243","red"
"102","USA_CA_CDPH_2000001339_2020","LA","B1243","red"
"103","USA_CA_CDPH_2000001343_2020","LA","B1243","red"
"104","USA_CA_CDPH_2000001401_2020","LA","B1243","red"
"105","USA_CA_CDPH_2000001576_2020","LA","B1243","red"
"106","USA_CA_CDPH_2000002651_2020","LA","B1243","red"
"107","USA_CA_CDPH_2000002659_2020","LA","B1243","red"
"108","USA_CA_CDPH_2000003311_2020","LA","B1243","red"
"109","USA_CA_CDPH_2000003317_2020","LA","B1243","red"
"110","USA_CA_CDPH_2000003318_2020","LA","B1243","red"
"111","USA_CA_CDPH_2000003320_2020","LA","B1243","red"
"112","USA_CA_CDPH_2000003345_2020","LA","B1243","red"
"113","USA_CA_CDPH_2000003355_2020","LA","B1243","red"
"114","USA_CA_CDPH_2000003389_2020","LA","B1243","red"
"115","USA_CA_CDPH_2000004438_2020","LA","B1243","red"
"116","USA_CA_CDPH_2000004445_2020","LA","B1243","red"
"117","USA_CA_CDPH_2000004813_2020","LA","B1243","red"
"118","USA_CA_CDPH_2000004834_2020","LA","B1243","red"
"119","USA_CA_CDPH_2000004840_2020","LA","B1243","red"
"120","USA_CA_CDPH_2000006408_2020","LA","B1243","red"
"121","USA_CA_CDPH_2000006698_2020","LA","B1243","red"
"122","USA_CA_CDPH_2000006700_2020","LA","B1243","red"
"123","USA_CA_CDPH_2000006738_2020","LA","B1243","red"
"124","USA_CA_CDPH_2000006797_2020","LA","B1243","red"
"125","USA_CA_CDPH_2000006833_2020","LA","B1243","red"
"126","USA_CA_CDPH_2000007667_2020","LA","B1243","red"
"127","USA_CA_CDPH_2000007786_2020","LA","B1243","red"
"128","USA_CA_CDPH_2000007789_2020","LA","B1243","red"
"129","USA_CA_CDPH_2000007795_2020","LA","B1243","red"
"130","USA_CA_CDPH_2000007812_2020","LA","B1243","red"
"131","USA_CA_CDPH_2000007827_2020","LA","B1243","red"
"132","USA_CA_CDPH_2000008194_2020","LA","B1243","red"
"133","USA_CA_CDPH_2000008431_2020","LA","B1243","red"
"134","USA_CA_CDPH_2000008704_2020","LA","B1243","red"
"135","USA_CA_CDPH_2000008991_2020","LA","B1243","red"
"136","USA_CA_CDPH_2000009018_2020","LA","B1243","red"
"137","USA_CA_CDPH_2000009047_2020","LA","B1243","red"
"138","USA_CA_CDPH_2000009213_2020","LA","B1243","red"
"139","USA_CA_CDPH_2000009817_2020","LA","B1243","red"
"140","USA_CA_CDPH_2000010182_2020","LA","B1243","red"
"141","USA_CA_CDPH_2000010411_2020","LA","B1243","red"
"142","USA_CA_CDPH_2000011239_2020","LA","B1243","red"
"143","USA_CA_CDPH_2000011240_2020","LA","B1243","red"
"144","USA_CA_CDPH_2000011381_2020","LA","B1243","red"
"145","USA_CA_CDPH_2000011814_2020","LA","B1243","red"
"146","USA_CA_CDPH_2000011832_2020","LA","B1243","red"
"147","USA_CA_CDPH_2000011838_2020","LA","B1243","red"
"148","USA_CA_CDPH_2000011866_2020","LA","B1243","red"
"149","USA_CA_CDPH_2000012026_2020","LA","B1243","red"
"150","USA_CA_CDPH_2000012050_2020","LA","B1243","red"
"151","USA_CA_CDPH_2000012091_2020","LA","B1243","red"
"152","USA_CA_CDPH_2000012142_2020","LA","B1243","red"
"153","USA_CA_CDPH_2000012575_2020","LA","B1243","red"
"154","USA_CA_CDPH_2000012619_2020","LA","B1243","red"
"155","USA_CA_CDPH_2000012632_2020","LA","B1243","red"
"156","USA_CA_CDPH_2000012637_2020","LA","B1243","red"
"157","USA_CA_CDPH_2000012645_2020","LA","B1243","red"
"158","USA_CA_CDPH_2000012680_2020","LA","B1243","red"
"159","USA_CA_CDPH_2000012691_2020","LA","B1243","red"
"160","USA_CA_CDPH_2000012911_2020","LA","B1243","red"
"161","USA_CA_CDPH_2000012952_2020","LA","B1243","red"
"162","USA_CA_CDPH_2000012996_2020","LA","B1243","red"
"163","USA_CA_CDPH_2000013006_2020","LA","B1243","red"
"164","USA_CA_CDPH_2000013008_2020","LA","B1243","red"
"165","USA_CA_CDPH_2000013064_2020","LA","B1243","red"
"166","USA_CA_CDPH_2000013100_2020","LA","B1243","red"
"167","USA_CA_CDPH_2000013109_2020","LA","B1243","red"
"168","USA_CA_CDPH_2000013267_2020","LA","B1243","red"
"169","USA_CA_CDPH_2000013296_2020","LA","B1243","red"
"170","USA_CA_CDPH_2000013329_2020","LA","B1243","red"
"171","USA_CA_CDPH_2000013365_2020","LA","B1243","red"
"172","USA_CA_CDPH_2000013367_2020","LA","B1243","red"
"173","USA_CA_CDPH_2000014248_2020","LA","B1243","red"
"174","USA_CA_CDPH_2000014268_2020","LA","B1243","red"
"175","USA_CA_CDPH_2000014576_2020","LA","B1243","red"
"176","USA_CA_CDPH_2000014592_2020","LA","B1243","red"
"177","USA_CA_CDPH_2000014600_2020","LA","B1243","red"
"178","USA_CA_CDPH_2000015852_2020","LA","B1243","red"
"179","USA_CA_CDPH_2000015865_2020","LA","B1243","red"
"180","USA_CA_CDPH_2000015944_2020","LA","B1243","red"
"181","USA_CA_CDPH_2000016122_2020","LA","B1243","red"
"182","USA_CA_CDPH_2000016133_2020","LA","B1243","red"
"183","USA_CA_CDPH_2000016196_2020","LA","B1243","red"
"184","USA_CA_CDPH_2000016316_2020","LA","B1243","red"
"185","USA_CA_CDPH_2000016323_2020","LA","B1243","red"
"186","USA_CA_CDPH_2000016325_2020","LA","B1243","red"
"187","USA_CA_CDPH_2000016326_2020","LA","B1243","red"
"188","USA_CA_CDPH_2000017016_2021","LA","B1243","red"
"189","USA_CA_CDPH_2000017265_2021","LA","B1243","red"
"190","USA_CA_CDPH_2000017354_2021","LA","B1243","red"
"191","USA_CA_CDPH_2000017506_2021","LA","B1243","red"
"192","USA_CA_CDPH_2000017535_2021","LA","B1243","red"
"193","USA_CA_CDPH_2000018255_2021","LA","B1243","red"
"194","USA_CA_CDPH_2000019068_2021","LA","B1243","red"
"195","USA_CA_CDPH_2000019074_2021","LA","B1243","red"
"196","USA_CA_CDPH_2000019078_2021","LA","B1243","red"
"197","USA_CA_CDPH_2000019090_2021","LA","B1243","red"
"198","USA_CA_CDPH_2000019188_2021","LA","B1243","red"
"199","USA_CA_CDPH_2000019342_2021","LA","B1243","red"
"200","USA_CA_CDPH_2000019345_2021","LA","B1243","red"
"201","USA_CA_CDPH_2000019369_2021","LA","B1243","red"
"202","USA_CA_CDPH_2000019446_2021","LA","B1243","red"
"203","USA_CA_CDPH_2000019458_2021","LA","B1243","red"
"204","USA_CA_CDPH_2000019488_2021","LA","B1243","red"
"205","USA_CA_CDPH_2000020257_2021","LA","B1243","red"
"206","USA_CA_CDPH_2000020861_2021","LA","B1243","red"
"207","USA_CA_CDPH_2000020924_2021","LA","B1243","red"
"208","USA_CA_CDPH_2000021289_2021","LA","B1243","red"
"209","USA_CA_CDPH_2000021317_2021","LA","B1243","red"
"210","USA_CA_CDPH_2000021547_2021","LA","B1243","red"
"211","USA_CA_CDPH_2000021763_2021","LA","B1243","red"
"212","USA_CA_CDPH_2000021808_2021","LA","B1243","red"
"213","USA_CA_CDPH_2000023541_2021","LA","B1243","red"
"214","USA_CA_CDPH_2000023678_2021",NA,NA,NA
"215","USA_CA_CDPH_2000023813_2021","LA","B1243","red"
"216","USA_CA_CDPH_2000024710_2021","LA","B1243","red"
"217","USA_CA_CDPH_2000024754_2021","LA","B1243","red"
"218","USA_CA_CDPH_2000025369_2021","LA","B1243","red"
"219","USA_CA_CDPH_2000025377_2021","LA","B1243","red"
"220","USA_CA_CDPH_2000025749_2021","LA","B1243","red"
"221","USA_CA_CDPH_2000025820_2021","LA","B1243","red"
"222","USA_CA_CDPH_2000025957_2021","LA","B1243","red"
"223","USA_CA_CDPH_2000028109_2021","LA","B1243","red"
"224","USA_CA_CDPH_2000028120_2021","LA","B1243","red"
"225","USA_CA_CDPH_2000028189_2021","LA","B1243","red"
"226","USA_CA_CDPH_2000028282_2021","LA","B1243","red"
"227","USA_CA_CDPH_2000029223_2021","LA","B1243","red"
"228","USA_CA_CDPH_2000029630_2021","LA","B1243","red"
"229","USA_CA_CDPH_2000033088_2021","LA","B1243","red"
"230","USA_CA_CDPH_2000033123_2021","LA","B1243","red"
"231","USA_CA_CDPH_2000033154_2021","LA","B1243","red"
"232","USA_CA_CDPH_2000033265_2021","LA","B1243","red"
"233","USA_CA_CDPH_2000034228_2021","LA","B1243","red"
"234","USA_CA_CDPH_2000035085_2021","LA","B1243","red"
"235","USA_CA_CDPH_2000035799_2021","LA","B1243","red"
"236","USA_CA_CDPH_2000036415_2021","LA","B1243","red"
"237","USA_CA_CDPH_2000037697_2021","LA","B1243","red"
"238","USA_CA_CDPH_2000040754_2021",NA,NA,NA
"239","USA_CA_CDPH_2000041152_2021",NA,NA,NA
"240","USA_CA_CDPH_2000041676_2021",NA,NA,NA
"241","USA_CA_CDPH_2000042182_2021",NA,NA,NA
"242","USA_CA_CDPH_2000042709_2021",NA,NA,NA
"243","USA_CA_CDPH_2000042713_2021",NA,NA,NA
"244","USA_CA_CDPH_2000042722_2021",NA,NA,NA
"245","USA_CA_CDPH_2000042725_2021",NA,NA,NA
"246","USA_CA_CDPH_2000043813_2021",NA,NA,NA
"247","USA_CA_CDPH_2000043913_2021",NA,NA,NA
"248","USA_CA_CDPH_2000044327_2021",NA,NA,NA
"249","USA_CA_CDPH_2000044511_2021",NA,NA,NA
"250","USA_CA_CDPH_2000044517_2021",NA,NA,NA
"251","USA_CA_CDPH_2000044521_2021",NA,NA,NA
"252","USA_CA_CDPH_2000044960_2021",NA,NA,NA
"253","USA_CA_CDPH_2000045114_2021",NA,NA,NA
"254","USA_CA_CDPH_2000045239_2021",NA,NA,NA
"255","USA_CA_CDPH_2000045244_2021",NA,NA,NA
"256","USA_CA_CDPH_2000045350_2021",NA,NA,NA
"257","USA_CA_CDPH_2000045353_2021",NA,NA,NA
"258","USA_CA_CDPH_2000045498_2021",NA,NA,NA
"259","USA_CA_CDPH_2000045625_2021",NA,NA,NA
"260","USA_CA_CDPH_2000045631_2021",NA,NA,NA
"261","USA_CA_CDPH_2000045705_2021",NA,NA,NA
"262","USA_CA_CDPH_2000046080_2021",NA,NA,NA
"263","USA_CA_CDPH_2000046083_2021",NA,NA,NA
"264","USA_CA_CDPH_2000046426_2021",NA,NA,NA
"265","USA_CA_CDPH_2000046570_2021",NA,NA,NA
"266","USA_CA_CDPH_2000046579_2021",NA,NA,NA
"267","USA_CA_CDPH_2000046754_2021",NA,NA,NA
"268","USA_CA_CDPH_2000046757_2021",NA,NA,NA
"269","USA_CA_CDPH_2000046772_2021",NA,NA,NA
"270","USA_CA_CDPH_2000046773_2021",NA,NA,NA
"271","USA_CA_CDPH_2000046780_2021",NA,NA,NA
"272","USA_CA_CDPH_2000046786_2021",NA,NA,NA
"273","USA_CA_CDPH_2000046787_2021",NA,NA,NA
"274","USA_CA_CDPH_2000046796_2021",NA,NA,NA
"275","USA_CA_CDPH_2000046797_2021",NA,NA,NA
"276","USA_CA_CDPH_2000046829_2021",NA,NA,NA
"277","USA_CA_CDPH_2000046836_2021",NA,NA,NA
"278","USA_CA_CDPH_2000046850_2021",NA,NA,NA
"279","USA_CA_CDPH_2000046867_2021",NA,NA,NA
"280","USA_CA_CDPH_2000046882_2021",NA,NA,NA
"281","USA_CA_CDPH_2000046883_2021",NA,NA,NA
"282","USA_CA_CDPH_2000046889_2021",NA,NA,NA
"283","USA_CA_CDPH_2000046897_2021",NA,NA,NA
"284","USA_CA_CDPH_2000046912_2021",NA,NA,NA
"285","USA_CA_CDPH_2000046913_2021",NA,NA,NA
"286","USA_CA_CDPH_2000046926_2021",NA,NA,NA
"287","USA_CA_CDPH_2000046988_2021",NA,NA,NA
"288","USA_CA_CDPH_2000046997_2021",NA,NA,NA
"289","USA_CA_CDPH_2000047005_2021",NA,NA,NA
"290","USA_CA_CDPH_2000047006_2021",NA,NA,NA
"291","USA_CA_CDPH_2000047019_2021",NA,NA,NA
"292","USA_CA_CDPH_2000047226_2021",NA,NA,NA
"293","USA_CA_CDPH_2000047257_2021",NA,NA,NA
"294","USA_CA_CDPH_2000047269_2021",NA,NA,NA
"295","USA_CA_CDPH_2000047517_2021",NA,NA,NA
"296","USA_CA_CDPH_2000047524_2021",NA,NA,NA
"297","USA_CA_CDPH_2000047567_2021",NA,NA,NA
"298","USA_CA_CDPH_2000047576_2021",NA,NA,NA
"299","USA_CA_CDPH_2000047652_2021",NA,NA,NA
"300","USA_CA_CDPH_2000047820_2021",NA,NA,NA
"301","USA_CA_CDPH_2000047851_2021",NA,NA,NA
"302","USA_CA_CDPH_2000047916_2021",NA,NA,NA
"303","USA_CA_CDPH_2000048094_2021",NA,NA,NA
"304","USA_CA_CDPH_2000048117_2021",NA,NA,NA
"305","USA_CA_CDPH_2000048126_2021",NA,NA,NA
"306","USA_CA_CDPH_2000048133_2021",NA,NA,NA
"307","USA_CA_CDPH_2000048140_2021",NA,NA,NA
"308","USA_CA_CDPH_2000048157_2021",NA,NA,NA
"309","USA_CA_CDPH_2000048202_2021",NA,NA,NA
"310","USA_CA_CDPH_2000048376_2021",NA,NA,NA
"311","USA_CA_CDPH_2000048391_2021",NA,NA,NA
"312","USA_CA_CDPH_2000048404_2021",NA,NA,NA
"313","USA_CA_CDPH_2000048497_2021",NA,NA,NA
"314","USA_CA_CDPH_2000048546_2021",NA,NA,NA
"315","USA_CA_CDPH_2000048554_2021",NA,NA,NA
"316","USA_CA_CDPH_2000048561_2021",NA,NA,NA
"317","USA_CA_CDPH_2000048577_2021",NA,NA,NA
"318","USA_CA_CDPH_2000048615_2021",NA,NA,NA
"319","USA_CA_CDPH_2000048623_2021",NA,NA,NA
"320","USA_CA_CDPH_2000048631_2021",NA,NA,NA
"321","USA_CA_CDPH_2000048666_2021",NA,NA,NA
"322","USA_CA_CDPH_2000048696_2021",NA,NA,NA
"323","USA_CA_CDPH_2000048885_2021",NA,NA,NA
"324","USA_CA_CDPH_2000049004_2021",NA,NA,NA
"325","USA_CA_CDPH_2000049105_2021",NA,NA,NA
"326","USA_CA_CDPH_2000049166_2021",NA,NA,NA
"327","USA_CA_CDPH_2000049199_2021",NA,NA,NA
"328","USA_CA_CDPH_2000049342_2021",NA,NA,NA
"329","USA_CA_CDPH_2000049350_2021",NA,NA,NA
"330","USA_CA_CDPH_2000049358_2021",NA,NA,NA
"331","USA_CA_CDPH_2000049496_2021",NA,NA,NA
"332","USA_CA_CDPH_2000049510_2021",NA,NA,NA
"333","USA_CA_CDPH_2000049520_2021",NA,NA,NA
"334","USA_CA_CDPH_2000049528_2021",NA,NA,NA
"335","USA_CA_CDPH_2000049536_2021",NA,NA,NA
"336","USA_CA_CDPH_2000049575_2021",NA,NA,NA
"337","USA_CA_CDPH_2000049614_2021",NA,NA,NA
"338","USA_CA_CDPH_2000049622_2021",NA,NA,NA
"339","USA_CA_CDPH_3000005706_2021",NA,NA,NA
"340","USA_CA_CDPH_3000005732_2021",NA,NA,NA
"341","USA_CA_CDPH_3000005763_2021",NA,NA,NA
"342","USA_CA_CDPH_3000005857_2021",NA,NA,NA
"343","USA_CA_CDPH_3000005858_2021","LA","B1243","red"
"344","USA_CA_CDPH_3000005930_2021",NA,NA,NA
"345","USA_CA_CDPH_3000005989_2021",NA,NA,NA
"346","USA_CA_CDPH_3000005999_2021",NA,NA,NA
"347","USA_CA_CDPH_3000006051_2021",NA,NA,NA
"348","USA_CA_CDPH_3000006104_2021",NA,NA,NA
"349","USA_CA_CDPH_3000006108_2021",NA,NA,NA
"350","USA_CA_CDPH_3000006128_2021",NA,NA,NA
"351","USA_CA_CDPH_3000006130_2021",NA,NA,NA
"352","USA_CA_CDPH_3000006139_2021",NA,NA,NA
"353","USA_CA_CDPH_3000006140_2021",NA,NA,NA
"354","USA_CA_CDPH_3000006142_2021",NA,NA,NA
"355","USA_CA_CDPH_3000006293_2021",NA,NA,NA
"356","USA_CA_CDPH_3000006462_2021",NA,NA,NA
"357","USA_CA_CDPH_3000006609_2021",NA,NA,NA
"358","USA_CA_CDPH_3000006928_2021",NA,NA,NA
"359","USA_CA_CDPH_3000007006_2021",NA,NA,NA
"360","USA_CA_CDPH_3000007313_2021",NA,NA,NA
"361","USA_CA_CDPH_3000007401_2021",NA,NA,NA
"362","USA_CA_CDPH_3000007598_2021",NA,NA,NA
"363","USA_CA_CDPH_3000007641_2021",NA,NA,NA
"364","USA_CA_CDPH_3000007642_2021",NA,NA,NA
"365","USA_CA_CDPH_3000008263_2021",NA,NA,NA
"366","USA_CA_CDPH_3000008265_2021",NA,NA,NA
"367","USA_CA_CDPH_3000008301_2021",NA,NA,NA
"368","USA_CA_CDPH_3000008356_2021",NA,NA,NA
"369","USA_CA_CDPH_3000008403_2021",NA,NA,NA
"370","USA_CA_CDPH_3000008445_2021",NA,NA,NA
"371","USA_CA_CDPH_3000008506_2021",NA,NA,NA
"372","USA_CA_CDPH_3000008856_2021",NA,NA,NA
"373","USA_CA_CDPH_3000009051_2021",NA,NA,NA
"374","USA_CA_CDPH_3000009419_2021",NA,NA,NA
"375","USA_CA_CDPH_3000009948_2021",NA,NA,NA
"376","USA_CA_CDPH_3000010229_2021",NA,NA,NA
"377","USA_CA_CDPH_3000010287_2021",NA,NA,NA
"378","USA_CA_CDPH_3000010339_2021",NA,NA,NA
"379","USA_CA_CDPH_3000010699_2021",NA,NA,NA
"380","USA_CA_CDPH_3000010700_2021",NA,NA,NA
"381","USA_CA_CDPH_3000011929_2021",NA,NA,NA
"382","USA_CA_CDPH_3000011939_2021",NA,NA,NA
"383","USA_CA_CDPH_3000011944_2021",NA,NA,NA
"384","USA_CA_CDPH_3000012213_2021",NA,NA,NA
"385","USA_CA_CDPH_3000012265_2021",NA,NA,NA
"386","USA_CA_CDPH_3000012863_2021",NA,NA,NA
"387","USA_CA_CDPH_3000013275_2021",NA,NA,NA
"388","USA_CA_CDPH_3000013284_2021",NA,NA,NA
"389","USA_CA_CDPH_3000013289_2021",NA,NA,NA
"390","USA_CA_CDPH_3000013290_2021",NA,NA,NA
"391","USA_CA_CDPH_3000013310_2021",NA,NA,NA
"392","USA_CA_CDPH_3000013625_2021",NA,NA,NA
"393","USA_CA_CDPH_3000013642_2021",NA,NA,NA
"394","USA_CA_CDPH_3000013645_2021",NA,NA,NA
"395","USA_CA_CDPH_3000014093_2021","LA","B1243","red"
"396","USA_CA_CDPH_3000014172_2021",NA,NA,NA
"397","USA_CA_CDPH_3000014471_2021","LA","B1243","red"
"398","USA_CA_CDPH_3000014499_2021",NA,NA,NA
"399","USA_CA_CDPH_3000015173_2021",NA,NA,NA
"400","USA_CA_CDPH_3000015174_2021",NA,NA,NA
"401","USA_CA_CDPH_3000015569_2021",NA,NA,NA
"402","USA_CA_CDPH_3000015578_2021",NA,NA,NA
"403","USA_CA_CDPH_3000015619_2021","LA","B1243","red"
"404","USA_CA_CDPH_3000015630_2021",NA,NA,NA
"405","USA_CA_CDPH_3000015689_2021",NA,NA,NA
"406","USA_CA_CDPH_3000016286_2021",NA,NA,NA
"407","USA_CA_CDPH_3000016512_2021",NA,NA,NA
"408","USA_CA_CDPH_3000017235_2021",NA,NA,NA
"409","USA_CA_CDPH_3000017543_2021",NA,NA,NA
"410","USA_CA_CDPH_3000017554_2021",NA,NA,NA
"411","USA_CA_CDPH_3000018594_2021",NA,NA,NA
"412","USA_CA_CDPH_3000018608_2021",NA,NA,NA
"413","USA_CA_CDPH_3000019305_2021",NA,NA,NA
"414","USA_CA_CDPH_3000019308_2021",NA,NA,NA
"415","USA_CA_CDPH_3000019311_2021",NA,NA,NA
"416","USA_CA_CDPH_3000019382_2021",NA,NA,NA
"417","USA_CA_CDPH_3000020612_2021",NA,NA,NA
"418","USA_CA_CDPH_3000020950_2021",NA,NA,NA
"419","USA_CA_CDPH_3000021825_2021",NA,NA,NA
"420","USA_CA_CDPH_3000022008_2021",NA,NA,NA
"421","USA_CA_CDPH_3000022026_2021",NA,NA,NA
"422","USA_CA_CDPH_3000022030_2021","LA","B1243","red"
"423","USA_CA_CDPH_3000023190_2021",NA,NA,NA
"424","USA_CA_CDPH_3000023301_2021",NA,NA,NA
"425","USA_CA_CDPH_3000023414_2021",NA,NA,NA
"426","USA_CA_CDPH_3000023468_2021",NA,NA,NA
"427","USA_CA_CDPH_3000024659_2021",NA,NA,NA
"428","USA_CA_CDPH_3000025009_2021",NA,NA,NA
"429","USA_CA_CDPH_3000025370_2021",NA,NA,NA
"430","USA_CA_CDPH_3000025400_2021",NA,NA,NA
"431","USA_CA_CDPH_3000026465_2021",NA,NA,NA
"432","USA_CA_CDPH_3000026466_2021",NA,NA,NA
"433","USA_CA_CDPH_3000026880_2021",NA,NA,NA
"434","USA_CA_CDPH_3000026882_2021",NA,NA,NA
"435","USA_CA_CDPH_3000027506_2021",NA,NA,NA
"436","USA_CA_CDPH_3000027742_2021",NA,NA,NA
"437","USA_CA_CDPH_3000027837_2021","LA","B1243","red"
"438","USA_CA_CDPH_3000028156_2021",NA,NA,NA
"439","USA_CA_CDPH_3000028236_2021","LA","B1243","red"
"440","USA_CA_CDPH_3000028241_2021","LA","B1243","red"
"441","USA_CA_CDPH_3000028312_2021",NA,NA,NA
"442","USA_CA_CDPH_3000028483_2021","LA","B1243","red"
"443","USA_CA_CDPH_3000028515_2021",NA,NA,NA
"444","USA_CA_CDPH_3000028517_2021",NA,NA,NA
"445","USA_CA_CDPH_3000028636_2021",NA,NA,NA
"446","USA_CA_CDPH_3000028913_2021",NA,NA,NA
"447","USA_CA_CDPH_3000028914_2021",NA,NA,NA
"448","USA_CA_CDPH_3000028915_2021",NA,NA,NA
"449","USA_CA_CDPH_3000028926_2021",NA,NA,NA
"450","USA_CA_CDPH_3000029786_2021",NA,NA,NA
"451","USA_CA_CDPH_3000029893_2021",NA,NA,NA
"452","USA_CA_CDPH_3000030028_2021",NA,NA,NA
"453","USA_CA_CDPH_3000030065_2021",NA,NA,NA
"454","USA_CA_CDPH_3000030067_2021",NA,NA,NA
"455","USA_CA_CDPH_3000030068_2021",NA,NA,NA
"456","USA_CA_CDPH_3000030127_2021",NA,NA,NA
"457","USA_CA_CDPH_3000030194_2021",NA,NA,NA
"458","USA_CA_CDPH_3000030369_2021",NA,NA,NA
"459","USA_CA_CDPH_3000030526_2021",NA,NA,NA
"460","USA_CA_CDPH_3000030626_2021",NA,NA,NA
"461","USA_CA_CDPH_3000031047_2021",NA,NA,NA
"462","USA_CA_CDPH_3000031320_2021",NA,NA,NA
"463","USA_CA_CDPH_3000031375_2021",NA,NA,NA
"464","USA_CA_CDPH_3000031376_2021",NA,NA,NA
"465","USA_CA_CDPH_3000031377_2021",NA,NA,NA
"466","USA_CA_CDPH_3000031378_2021",NA,NA,NA
"467","USA_CA_CDPH_3000031379_2021",NA,NA,NA
"468","USA_CA_CDPH_3000031393_2021",NA,NA,NA
"469","USA_CA_CDPH_3000031713_2021",NA,NA,NA
"470","USA_CA_CDPH_3000031714_2021",NA,NA,NA
"471","USA_CA_CDPH_3000032007_2021",NA,NA,NA
"472","USA_CA_CDPH_3000032010_2021",NA,NA,NA
"473","USA_CA_CDPH_3000032326_2021","LA","B1243","red"
"474","USA_CA_CDPH_3000032327_2021","LA","B1243","red"
"475","USA_CA_CDPH_3000032423_2021",NA,NA,NA
"476","USA_CA_CDPH_3000032424_2021",NA,NA,NA
"477","USA_CA_CDPH_3000032482_2021",NA,NA,NA
"478","USA_CA_CDPH_3000032563_2021",NA,NA,NA
"479","USA_CA_CDPH_3000032594_2021",NA,NA,NA
"480","USA_CA_CDPH_3000032696_2021",NA,NA,NA
"481","USA_CA_CDPH_3000032764_2021",NA,NA,NA
"482","USA_CA_CDPH_3000032769_2021",NA,NA,NA
"483","USA_CA_CDPH_3000032827_2021",NA,NA,NA
"484","USA_CA_CDPH_3000032878_2021",NA,NA,NA
"485","USA_CA_CDPH_3000032879_2021",NA,NA,NA
"486","USA_CA_CDPH_3000032949_2021",NA,NA,NA
"487","USA_CA_CDPH_3000032968_2021",NA,NA,NA
"488","USA_CA_CDPH_3000033905_2021",NA,NA,NA
"489","USA_CA_CDPH_3000034000_2021",NA,NA,NA
"490","USA_CA_CDPH_3000034538_2021",NA,NA,NA
"491","USA_CA_CDPH_3000034795_2021",NA,NA,NA
"492","USA_CA_CDPH_3000036054_2021",NA,NA,NA
"493","USA_CA_CDPH_3000036247_2021",NA,NA,NA
"494","USA_CA_CDPH_3000039150_2021",NA,NA,NA
"495","USA_CA_CDPH_3000039529_2021",NA,NA,NA
"496","USA_CA_CDPH_3000039537_2021",NA,NA,NA
"497","USA_CA_CDPH_3000039667_2021",NA,NA,NA
"498","USA_CA_CDPH_3000039671_2021",NA,NA,NA
"499","USA_CA_CDPH_3000039701_2021",NA,NA,NA
"500","USA_CA_CDPH_3000039721_2021",NA,NA,NA
"501","USA_CA_CDPH_3000039880_2021",NA,NA,NA
"502","USA_CA_CDPH_3000040318_2021",NA,NA,NA
"503","USA_CA_CDPH_3000040491_2021",NA,NA,NA
"504","USA_CA_CDPH_3000040563_2021",NA,NA,NA
"505","USA_CA_CDPH_3000040569_2021",NA,NA,NA
"506","USA_CA_CDPH_3000040584_2021",NA,NA,NA
"507","USA_CA_CDPH_3000040606_2021",NA,NA,NA
"508","USA_CA_CDPH_3000040620_2021",NA,NA,NA
"509","USA_CA_CDPH_3000040654_2021",NA,NA,NA
"510","USA_CA_CDPH_3000040682_2021",NA,NA,NA
"511","USA_CA_CDPH_3000040693_2021",NA,NA,NA
"512","USA_CA_CDPH_3000040745_2021",NA,NA,NA
"513","USA_CA_CDPH_3000040977_2021",NA,NA,NA
"514","USA_CA_CDPH_3000043823_2021",NA,NA,NA
"515","USA_CA_CDPH_3000043863_2021",NA,NA,NA
"516","USA_CA_CDPH_3000043956_2021",NA,NA,NA
"517","USA_CA_CDPH_3000044243_2021",NA,NA,NA
"518","USA_CA_CDPH_3000044244_2021",NA,NA,NA
"519","USA_CA_CDPH_3000044247_2021",NA,NA,NA
"520","USA_CA_CDPH_3000044318_2021",NA,NA,NA
"521","USA_CA_CDPH_3000044794_2021",NA,NA,NA
"522","USA_CA_CDPH_3000044851_2021",NA,NA,NA
"523","USA_CA_CDPH_3000045059_2021",NA,NA,NA
"524","USA_CA_CDPH_3000045443_2021",NA,NA,NA
"525","USA_CA_CDPH_3000045491_2021",NA,NA,NA
"526","USA_CA_CDPH_3000045698_2021",NA,NA,NA
"527","USA_CA_CDPH_3000045854_2021",NA,NA,NA
"528","USA_CA_CDPH_3000045907_2021",NA,NA,NA
"529","USA_CA_CDPH_3000046481_2021",NA,NA,NA
"530","USA_CA_CDPH_3000046624_2021",NA,NA,NA
"531","USA_CA_CDPH_3000047160_2021",NA,NA,NA
"532","USA_CA_CDPH_3000047182_2021",NA,NA,NA
"533","USA_CA_CDPH_3000047459_2021",NA,NA,NA
"534","USA_CA_CDPH_3000047504_2021",NA,NA,NA
"535","USA_CA_CDPH_3000047875_2021",NA,NA,NA
"536","USA_CA_CDPH_3000047876_2021",NA,NA,NA
"537","USA_CA_CDPH_3000048234_2021",NA,NA,NA
"538","USA_CA_CDPH_3000048657_2021",NA,NA,NA
"539","USA_CA_CDPH_3000048658_2021",NA,NA,NA
"540","USA_CA_CDPH_3000048659_2021",NA,NA,NA
"541","USA_CA_CDPH_3000048661_2021",NA,NA,NA
"542","USA_CA_CDPH_3000049374_2021",NA,NA,NA
"543","USA_CA_CDPH_3000049605_2021",NA,NA,NA
"544","USA_CA_CDPH_3000049753_2021",NA,NA,NA
"545","USA_CA_CDPH_3000049838_2021",NA,NA,NA
"546","USA_CA_CDPH_3000050302_2021",NA,NA,NA
"547","USA_CA_CDPH_3000050520_2021",NA,NA,NA
"548","USA_CA_CDPH_3000050523_2021",NA,NA,NA
"549","USA_CA_CDPH_3000050667_2021",NA,NA,NA
"550","USA_CA_CDPH_3000050669_2021",NA,NA,NA
"551","USA_CA_CDPH_3000050816_2021",NA,NA,NA
"552","USA_CA_CDPH_3000050840_2021",NA,NA,NA
"553","USA_CA_CDPH_3000050877_2021",NA,NA,NA
"554","USA_CA_CDPH_3000050888_2021",NA,NA,NA
"555","USA_CA_CDPH_3000050932_2021",NA,NA,NA
"556","USA_CA_CDPH_3000051095_2021",NA,NA,NA
"557","USA_CA_CDPH_3000051101_2021",NA,NA,NA
"558","USA_CA_CDPH_3000051303_2021",NA,NA,NA
"559","USA_CA_CDPH_3000051304_2021",NA,NA,NA
"560","USA_CA_CDPH_3000051461_2021",NA,NA,NA
"561","USA_CA_CDPH_3000051475_2021",NA,NA,NA
"562","USA_CA_CDPH_3000051635_2021",NA,NA,NA
"563","USA_CA_CDPH_3000051663_2021",NA,NA,NA
"564","USA_CA_CDPH_3000051665_2021",NA,NA,NA
"565","USA_CA_CDPH_3000052426_2021",NA,NA,NA
"566","USA_CA_CDPH_3000052427_2021",NA,NA,NA
"567","USA_CA_CDPH_3000052434_2021",NA,NA,NA
"568","USA_CA_CDPH_3000052435_2021",NA,NA,NA
"569","USA_CA_CDPH_3000052437_2021",NA,NA,NA
"570","USA_CA_CDPH_3000052542_2021",NA,NA,NA
"571","USA_CA_CDPH_3000052543_2021",NA,NA,NA
"572","USA_CA_CDPH_3000052979_2021",NA,NA,NA
"573","USA_CA_CDPH_3000052981_2021",NA,NA,NA
"574","USA_CA_CDPH_3000053069_2021",NA,NA,NA
"575","USA_CA_CDPH_3000053190_2021",NA,NA,NA
"576","USA_CA_CDPH_3000053241_2021",NA,NA,NA
"577","USA_CA_CDPH_3000053248_2021",NA,NA,NA
"578","USA_CA_CDPH_3000053429_2021",NA,NA,NA
"579","USA_CA_CDPH_3000053462_2021",NA,NA,NA
"580","USA_CA_CDPH_3000053465_2021",NA,NA,NA
"581","USA_CA_CDPH_3000053466_2021",NA,NA,NA
"582","USA_CA_CDPH_3000053573_2021",NA,NA,NA
"583","USA_CA_CDPH_3000053619_2021",NA,NA,NA
"584","USA_CA_CDPH_3000053620_2021",NA,NA,NA
"585","USA_CA_CDPH_3000053659_2021",NA,NA,NA
"586","USA_CA_CDPH_3000053964_2021",NA,NA,NA
"587","USA_CA_CDPH_3000053997_2021","LA","B1243","red"
"588","USA_CA_CDPH_3000054461_2021",NA,NA,NA
"589","USA_CA_CDPH_3000054462_2021",NA,NA,NA
"590","USA_CA_CDPH_3000054677_2021",NA,NA,NA
"591","USA_CA_CDPH_3000100021_2021",NA,NA,NA
"592","USA_CA_CDPH_3000100708_2021",NA,NA,NA
"593","USA_CA_CDPH_3000100741_2021",NA,NA,NA
"594","USA_CA_CDPH_3000100744_2021",NA,NA,NA
"595","USA_CA_CDPH_3000100745_2021",NA,NA,NA
"596","USA_CA_CDPH_3000100748_2021",NA,NA,NA
"597","USA_CA_CDPH_3000109184_2021","LA","B1243","red"
"598","USA_CA_CDPH_3000117639_2021",NA,NA,NA
"599","USA_CA_CDPH_3000118083_2021",NA,NA,NA
"600","USA_CA_CDPH_3000118637_2021",NA,NA,NA
"601","USA_CA_CDPH_3000118916_2021",NA,NA,NA
"602","USA_CA_CDPH_3000118937_2021",NA,NA,NA
"603","USA_CA_CDPH_3000119905_2021",NA,NA,NA
"604","USA_CA_CDPH_3000120188_2021",NA,NA,NA
"605","USA_CA_CDPH_3000124230_2021",NA,NA,NA
"606","USA_CA_CDPH_3000124231_2021",NA,NA,NA
"607","USA_CA_CDPH_3000127860_2021",NA,NA,NA
"608","USA_CA_CDPH_3000133006_2021",NA,NA,NA
"609","USA_CA_CDPH_3000133023_2021",NA,NA,NA
"610","USA_CA_CDPH_3000134778_2021",NA,NA,NA
"611","USA_CA_CDPH_3000137749_2021",NA,NA,NA
"612","USA_CA_CDPH_3000150785_2021",NA,NA,NA
"613","USA_CA_CDPH_3000151262_2021",NA,NA,NA
"614","USA_CA_CDPH_3000153550_2021",NA,NA,NA
"615","USA_CA_CDPH_6000001929_2021",NA,NA,NA
"616","USA_CA_CDPH_6000009938_2021",NA,NA,NA
"617","USA_CA_CDPH_MC1132351_2020","LA","B1243","red"
"618","USA_CA_CDPH_MC1139144_2020","LA","B1243","red"
"619","USA_CA_CDPH_MC1148959_2020","LA","B1243","red"
"620","USA_CA_CDPH_MC1191318_2020","LA","B1243","red"
"621","USA_CA_CDPH_MC1192054_2020","LA","B1243","red"
"622","USA_CA_CDPH_MC1196178_2020","LA","B1243","red"
"623","USA_CA_CDPH_MC1196196_2020","LA","B1243","red"
"624","USA_CA_CDPH_MC1200625_2020","LA","B1243","red"
"625","USA_CA_CDPH_MC1205202_2020","LA","B1243","red"
"626","USA_CA_CDPH_MC1205213_2020","LA","B1243","red"
"627","USA_CA_CDPH_MC1205219_2020","LA","B1243","red"
"628","USA_CA_CDPH_MC1205226_2020","LA","B1243","red"
"629","USA_CA_CDPH_MC2075522_2021",NA,NA,NA
"630","USA_CA_CDPH_MC2094314_2021",NA,NA,NA
"631","USA_CA_CDPH_UC1428_2021","LA","B1243","red"
"632","USA_CA_CDPH_UC1451_2021","LA","B1243","red"
"633","USA_CA_CDPH_UC1472_2021","LA","B1243","red"
"634","USA_CA_CDPH_UC1488_2020","LA","B1243","red"
"635","USA_CA_CDPH_UC1495_2020","LA","B1243","red"
"636","USA_CA_CDPH_UC1503_2020","LA","B1243","red"
"637","USA_CA_CDPH_UC1517_2020","LA","B1243","red"
"638","USA_CA_CDPH_UC1534_2020","LA","B1243","red"
"639","USA_CA_CDPH_UC1537_2020","LA","B1243","red"
"640","USA_CA_CDPH_UC1545_2020","LA","B1243","red"
"641","USA_CA_CDPH_UC1548_2020","LA","B1243","red"
"642","USA_CA_CDPH_UC586_2020","LA","B1243","red"
"643","USA_CA_CDPH1003_2021",NA,NA,NA
"644","USA_CA_CDPH742_2021",NA,NA,NA
"645","USA_CA_CHLA_PLM65244990_2020","LA","B1243","red"
"646","USA_CA_CSMC100_2021",NA,NA,NA
"647","USA_CA_CSMC12_2021",NA,NA,NA
"648","USA_CA_CSMC120_2021",NA,NA,NA
"649","USA_CA_CSMC122_2021",NA,NA,NA
"650","USA_CA_CSMC125_2021",NA,NA,NA
"651","USA_CA_CSMC132_2021",NA,NA,NA
"652","USA_CA_CSMC136_2021",NA,NA,NA
"653","USA_CA_CSMC137_2021",NA,NA,NA
"654","USA_CA_CSMC148_2020","LA","B1243","red"
"655","USA_CA_CSMC148_2021",NA,NA,NA
"656","USA_CA_CSMC154_2021",NA,NA,NA
"657","USA_CA_CSMC160_2021",NA,NA,NA
"658","USA_CA_CSMC161_2021",NA,NA,NA
"659","USA_CA_CSMC162_2021",NA,NA,NA
"660","USA_CA_CSMC17_2021",NA,NA,NA
"661","USA_CA_CSMC174_2021",NA,NA,NA
"662","USA_CA_CSMC180_2021",NA,NA,NA
"663","USA_CA_CSMC184_2021",NA,NA,NA
"664","USA_CA_CSMC197_2020","LA","B1243","red"
"665","USA_CA_CSMC213_2021","LA","B1243","red"
"666","USA_CA_CSMC218_2020","LA","B1243","red"
"667","USA_CA_CSMC22_2021",NA,NA,NA
"668","USA_CA_CSMC220_2021",NA,NA,NA
"669","USA_CA_CSMC221_2021",NA,NA,NA
"670","USA_CA_CSMC222_2021",NA,NA,NA
"671","USA_CA_CSMC228_2020","LA","B1243","red"
"672","USA_CA_CSMC232_2021",NA,NA,NA
"673","USA_CA_CSMC236_2021","LA","B1243","red"
"674","USA_CA_CSMC260_2020","LA","B1243","red"
"675","USA_CA_CSMC264_2021","LA","B1243","red"
"676","USA_CA_CSMC27_2021",NA,NA,NA
"677","USA_CA_CSMC273_2021","LA","B1243","red"
"678","USA_CA_CSMC275_2021","LA","B1243","red"
"679","USA_CA_CSMC280_2021","LA","B1243","red"
"680","USA_CA_CSMC287_2021",NA,NA,NA
"681","USA_CA_CSMC300_2020","LA","B1243","red"
"682","USA_CA_CSMC307_2021",NA,NA,NA
"683","USA_CA_CSMC309_2020","LA","B1243","red"
"684","USA_CA_CSMC321_2021",NA,NA,NA
"685","USA_CA_CSMC33_2021",NA,NA,NA
"686","USA_CA_CSMC330_2021","LA","B1243","red"
"687","USA_CA_CSMC337_2021","LA","B1243","red"
"688","USA_CA_CSMC365_2020","LA","B1243","red"
"689","USA_CA_CSMC373_2020","LA","B1243","red"
"690","USA_CA_CSMC397_2020","LA","B1243","red"
"691","USA_CA_CSMC399_2021","LA","B1243","red"
"692","USA_CA_CSMC406_2020","LA","B1243","red"
"693","USA_CA_CSMC41_2021",NA,NA,NA
"694","USA_CA_CSMC410_2021","LA","B1243","red"
"695","USA_CA_CSMC411_2020","LA","B1243","red"
"696","USA_CA_CSMC413_2020","LA","B1243","red"
"697","USA_CA_CSMC417_2020","LA","B1243","red"
"698","USA_CA_CSMC425_2021","LA","B1243","red"
"699","USA_CA_CSMC430_2021","LA","B1243","red"
"700","USA_CA_CSMC436_2021","LA","B1243","red"
"701","USA_CA_CSMC443_2020","LA","B1243","red"
"702","USA_CA_CSMC444_2020","LA","B1243","red"
"703","USA_CA_CSMC452_2020","LA","B1243","red"
"704","USA_CA_CSMC462_2020","LA","B1243","red"
"705","USA_CA_CSMC463_2020","LA","B1243","red"
"706","USA_CA_CSMC466_2021","LA","B1243","red"
"707","USA_CA_CSMC490_2020","LA","B1243","red"
"708","USA_CA_CSMC493_2021","LA","B1243","red"
"709","USA_CA_CSMC506_2021","LA","B1243","red"
"710","USA_CA_CSMC51_2021",NA,NA,NA
"711","USA_CA_CSMC518_2020","LA","B1243","red"
"712","USA_CA_CSMC52_2021",NA,NA,NA
"713","USA_CA_CSMC520_2021","LA","B1243","red"
"714","USA_CA_CSMC54_2021",NA,NA,NA
"715","USA_CA_CSMC542_2020","LA","B1243","red"
"716","USA_CA_CSMC553_2020","LA","B1243","red"
"717","USA_CA_CSMC554_2020","LA","B1243","red"
"718","USA_CA_CSMC559_2020","LA","B1243","red"
"719","USA_CA_CSMC56_2021",NA,NA,NA
"720","USA_CA_CSMC577_2020","LA","B1243","red"
"721","USA_CA_CSMC589_2020","LA","B1243","red"
"722","USA_CA_CSMC595_2020","LA","B1243","red"
"723","USA_CA_CSMC598_2020","LA","B1243","red"
"724","USA_CA_CSMC601_2020","LA","B1243","red"
"725","USA_CA_CSMC62_2021",NA,NA,NA
"726","USA_CA_CSMC627_2020","LA","B1243","red"
"727","USA_CA_CSMC636_2020","LA","B1243","red"
"728","USA_CA_CSMC64_2021",NA,NA,NA
"729","USA_CA_CSMC645_2020","LA","B1243","red"
"730","USA_CA_CSMC66_2021",NA,NA,NA
"731","USA_CA_CSMC671_2020","LA","B1243","red"
"732","USA_CA_CSMC679_2020","LA","B1243","red"
"733","USA_CA_CSMC68_2021",NA,NA,NA
"734","USA_CA_CSMC701_2020","LA","B1243","red"
"735","USA_CA_CSMC709_2020","LA","B1243","red"
"736","USA_CA_CSMC713_2020","LA","B1243","red"
"737","USA_CA_CSMC72_2021",NA,NA,NA
"738","USA_CA_CSMC74_2021",NA,NA,NA
"739","USA_CA_CSMC76_2021",NA,NA,NA
"740","USA_CA_CSMC77_2021",NA,NA,NA
"741","USA_CA_CSMC78_2021",NA,NA,NA
"742","USA_CA_CSMC86_2021",NA,NA,NA
"743","USA_CA_CSMC89_2021",NA,NA,NA
"744","USA_CA_CSMC98_2021",NA,NA,NA
"745","USA_CA_IGI_2265_2020","LA","B1243","red"
"746","USA_CA_LACPHL_AA00007_2020","LA","B1243","red"
"747","USA_CA_LACPHL_AA00009_2020","LA","B1243","red"
"748","USA_CA_LACPHL_AA00043_2020","LA","B1243","red"
"749","USA_CA_LACPHL_AE00014_2020","LA","B1243","red"
"750","USA_CA_LACPHL_AE00015_2020","LA","B1243","red"
"751","USA_CA_LACPHL_AE00021_2020","LA","B1243","red"
"752","USA_CA_LACPHL_AE00094_2020","LA","B1243","red"
"753","USA_CA_LACPHL_AE00097_2020","LA","B1243","red"
"754","USA_CA_LACPHL_AF00005_2020","LA","B1243","red"
"755","USA_CA_LACPHL_AF00007_2020","LA","B1243","red"
"756","USA_CA_LACPHL_AF00048_2020","LA","B1243","red"
"757","USA_CA_LACPHL_AF00073_2020","LA","B1243","red"
"758","USA_CA_LACPHL_AF00075_2020","LA","B1243","red"
"759","USA_CA_LACPHL_AF00121_2021","LA","B1243","red"
"760","USA_CA_LACPHL_AF00123_2021","LA","B1243","red"
"761","USA_CA_LACPHL_AF00125_2020","LA","B1243","red"
"762","USA_CA_LACPHL_AF00201_2021","LA","B1243","red"
"763","USA_CA_LACPHL_AF00274_2021",NA,NA,NA
"764","USA_CA_LACPHL_AF00282_2021","LA","B1243","red"
"765","USA_CA_LACPHL_AF00299_2021",NA,NA,NA
"766","USA_CA_LACPHL_AF00309_2021","LA","B1243","red"
"767","USA_CA_LACPHL_AF00325_2021","LA","B1243","red"
"768","USA_CA_LACPHL_AF00342_2021",NA,NA,NA
"769","USA_CA_LACPHL_AF00368_2021",NA,NA,NA
"770","USA_CA_LACPHL_AF00381_2021","LA","B1243","red"
"771","USA_CA_LACPHL_AF00468_2021",NA,NA,NA
"772","USA_CA_LACPHL_AF00512_2021",NA,NA,NA
"773","USA_CA_LACPHL_AF00517_2021",NA,NA,NA
"774","USA_CA_LACPHL_AF00524_2021",NA,NA,NA
"775","USA_CA_LACPHL_AF00551_2021",NA,NA,NA
"776","USA_CA_LACPHL_AF00552_2021",NA,NA,NA
"777","USA_CA_LACPHL_AF00553_2021",NA,NA,NA
"778","USA_CA_LACPHL_AF00554_2021",NA,NA,NA
"779","USA_CA_LACPHL_AF00562_2021","LA","B1243","red"
"780","USA_CA_LACPHL_AF00569_2021",NA,NA,NA
"781","USA_CA_LACPHL_AF00573_2021",NA,NA,NA
"782","USA_CA_LACPHL_AF00574_2021",NA,NA,NA
"783","USA_CA_LACPHL_AF00575_2021",NA,NA,NA
"784","USA_CA_LACPHL_AF00578_2021","LA","B1243","red"
"785","USA_CA_LACPHL_AF00598_2021",NA,NA,NA
"786","USA_CA_LACPHL_AF00620_2021",NA,NA,NA
"787","USA_CA_LACPHL_AF00645_2021",NA,NA,NA
"788","USA_CA_LACPHL_AF00648_2021",NA,NA,NA
"789","USA_CA_LACPHL_AF00665_2021",NA,NA,NA
"790","USA_CA_LACPHL_AF00666_2021",NA,NA,NA
"791","USA_CA_LACPHL_AF00667_2021",NA,NA,NA
"792","USA_CA_LACPHL_AF00668_2021",NA,NA,NA
"793","USA_CA_LACPHL_AF00669_2021",NA,NA,NA
"794","USA_CA_LACPHL_AF00676_2021",NA,NA,NA
"795","USA_CA_LACPHL_AF00677_2021",NA,NA,NA
"796","USA_CA_LACPHL_AF00678_2021",NA,NA,NA
"797","USA_CA_LACPHL_AF00679_2021",NA,NA,NA
"798","USA_CA_LACPHL_AF00680_2021",NA,NA,NA
"799","USA_CA_LACPHL_AF00681_2021",NA,NA,NA
"800","USA_CA_LACPHL_AF00696_2021",NA,NA,NA
"801","USA_CA_LACPHL_AF00697_2021",NA,NA,NA
"802","USA_CA_LACPHL_AF00702_2021",NA,NA,NA
"803","USA_CA_LACPHL_AF00707_2021",NA,NA,NA
"804","USA_CA_LACPHL_AF00709_2021",NA,NA,NA
"805","USA_CA_LACPHL_AF00712_2021",NA,NA,NA
"806","USA_CA_LACPHL_AF00714_2021",NA,NA,NA
"807","USA_CA_LACPHL_AF00718_2021",NA,NA,NA
"808","USA_CA_LACPHL_AF00726_2021",NA,NA,NA
"809","USA_CA_LACPHL_AF00729_2021",NA,NA,NA
"810","USA_CA_LACPHL_AF00731_2021",NA,NA,NA
"811","USA_CA_LACPHL_AF00732_2021",NA,NA,NA
"812","USA_CA_LACPHL_AF00740_2021",NA,NA,NA
"813","USA_CA_LACPHL_AF00742_2021",NA,NA,NA
"814","USA_CA_LACPHL_AF00743_2021",NA,NA,NA
"815","USA_CA_LACPHL_AF00745_2021",NA,NA,NA
"816","USA_CA_LACPHL_AF00748_2021",NA,NA,NA
"817","USA_CA_LACPHL_AF00749_2021",NA,NA,NA
"818","USA_CA_LACPHL_AF00750_2021",NA,NA,NA
"819","USA_CA_LACPHL_AF00752_2021",NA,NA,NA
"820","USA_CA_LACPHL_AF00753_2021",NA,NA,NA
"821","USA_CA_LACPHL_AF00754_2021",NA,NA,NA
"822","USA_CA_LACPHL_AF00755_2021",NA,NA,NA
"823","USA_CA_LACPHL_AF00765_2021",NA,NA,NA
"824","USA_CA_LACPHL_AF00766_2021",NA,NA,NA
"825","USA_CA_LACPHL_AF00768_2021",NA,NA,NA
"826","USA_CA_LACPHL_AF00769_2021",NA,NA,NA
"827","USA_CA_LACPHL_AF00770_2021",NA,NA,NA
"828","USA_CA_LACPHL_AF00772_2021",NA,NA,NA
"829","USA_CA_LACPHL_AF00776_2021",NA,NA,NA
"830","USA_CA_LACPHL_AF00781_2021","LA","B1243","red"
"831","USA_CA_LACPHL_AF00786_2021",NA,NA,NA
"832","USA_CA_LACPHL_AF00787_2021",NA,NA,NA
"833","USA_CA_LACPHL_AF00788_2021",NA,NA,NA
"834","USA_CA_LACPHL_AF00789_2021",NA,NA,NA
"835","USA_CA_LACPHL_AF00791_2021",NA,NA,NA
"836","USA_CA_LACPHL_AF00793_2021",NA,NA,NA
"837","USA_CA_LACPHL_AF00794_2021",NA,NA,NA
"838","USA_CA_LACPHL_AF00795_2021",NA,NA,NA
"839","USA_CA_LACPHL_AF00801_2021",NA,NA,NA
"840","USA_CA_LACPHL_AF00802_2021",NA,NA,NA
"841","USA_CA_LACPHL_AF00803_2021",NA,NA,NA
"842","USA_CA_LACPHL_AF00804_2021",NA,NA,NA
"843","USA_CA_LACPHL_AF00807_2021",NA,NA,NA
"844","USA_CA_LACPHL_AF00808_2021",NA,NA,NA
"845","USA_CA_LACPHL_AF00809_2021",NA,NA,NA
"846","USA_CA_LACPHL_AF00810_2021",NA,NA,NA
"847","USA_CA_LACPHL_AF00811_2021",NA,NA,NA
"848","USA_CA_LACPHL_AF00812_2021",NA,NA,NA
"849","USA_CA_LACPHL_AF00815_2021",NA,NA,NA
"850","USA_CA_LACPHL_AF00816_2021",NA,NA,NA
"851","USA_CA_LACPHL_AF00817_2021",NA,NA,NA
"852","USA_CA_LACPHL_AF00819_2021",NA,NA,NA
"853","USA_CA_LACPHL_AF00820_2021",NA,NA,NA
"854","USA_CA_LACPHL_AF00821_2021",NA,NA,NA
"855","USA_CA_LACPHL_AF00822_2021",NA,NA,NA
"856","USA_CA_LACPHL_AF00823_2021",NA,NA,NA
"857","USA_CA_LACPHL_AF00824_2021",NA,NA,NA
"858","USA_CA_LACPHL_AF00825_2021",NA,NA,NA
"859","USA_CA_LACPHL_AF00827_2021",NA,NA,NA
"860","USA_CA_LACPHL_AF00830_2021",NA,NA,NA
"861","USA_CA_LACPHL_AF00833_2021",NA,NA,NA
"862","USA_CA_LACPHL_AF00835_2021",NA,NA,NA
"863","USA_CA_LACPHL_AF00836_2021",NA,NA,NA
"864","USA_CA_LACPHL_AF00837_2021",NA,NA,NA
"865","USA_CA_LACPHL_AF00841_2021",NA,NA,NA
"866","USA_CA_LACPHL_AF00843_2021",NA,NA,NA
"867","USA_CA_LACPHL_AF00844_2021",NA,NA,NA
"868","USA_CA_LACPHL_AF00845_2021",NA,NA,NA
"869","USA_CA_LACPHL_AF00849_2021","LA","B1243","red"
"870","USA_CA_LACPHL_AF00851_2021",NA,NA,NA
"871","USA_CA_LACPHL_AF00852_2021",NA,NA,NA
"872","USA_CA_LACPHL_AF00853_2021",NA,NA,NA
"873","USA_CA_LACPHL_AF00854_2021",NA,NA,NA
"874","USA_CA_LACPHL_AF00855_2021",NA,NA,NA
"875","USA_CA_LACPHL_AF00856_2021",NA,NA,NA
"876","USA_CA_LACPHL_AF00858_2021",NA,NA,NA
"877","USA_CA_LACPHL_AF00859_2021",NA,NA,NA
"878","USA_CA_LACPHL_AF00860_2021",NA,NA,NA
"879","USA_CA_LACPHL_AF00869_2021",NA,NA,NA
"880","USA_CA_LACPHL_AF00870_2021",NA,NA,NA
"881","USA_CA_LACPHL_AF00871_2021",NA,NA,NA
"882","USA_CA_LACPHL_AF00873_2021",NA,NA,NA
"883","USA_CA_LACPHL_AF00875_2021",NA,NA,NA
"884","USA_CA_LACPHL_AF00881_2021",NA,NA,NA
"885","USA_CA_LACPHL_AF00883_2021",NA,NA,NA
"886","USA_CA_LACPHL_AF00887_2021",NA,NA,NA
"887","USA_CA_LACPHL_AF00888_2021",NA,NA,NA
"888","USA_CA_LACPHL_AF00889_2021",NA,NA,NA
"889","USA_CA_LACPHL_AF00890_2021",NA,NA,NA
"890","USA_CA_LACPHL_AF00891_2021",NA,NA,NA
"891","USA_CA_LACPHL_AF00892_2021",NA,NA,NA
"892","USA_CA_LACPHL_AF00898_2021",NA,NA,NA
"893","USA_CA_LACPHL_AF00899_2021",NA,NA,NA
"894","USA_CA_LACPHL_AF00903_2021",NA,NA,NA
"895","USA_CA_LACPHL_AF00904_2021",NA,NA,NA
"896","USA_CA_LACPHL_AF00905_2021",NA,NA,NA
"897","USA_CA_LACPHL_AF00912_2021",NA,NA,NA
"898","USA_CA_LACPHL_AF00913_2021",NA,NA,NA
"899","USA_CA_LACPHL_AF00918_2021",NA,NA,NA
"900","USA_CA_LACPHL_AF00919_2021",NA,NA,NA
"901","USA_CA_LACPHL_AF00920_2021",NA,NA,NA
"902","USA_CA_LACPHL_AF00921_2021",NA,NA,NA
"903","USA_CA_LACPHL_AF00922_2021",NA,NA,NA
"904","USA_CA_LACPHL_AF00923_2021",NA,NA,NA
"905","USA_CA_LACPHL_AF00926_2021",NA,NA,NA
"906","USA_CA_LACPHL_AF00927_2021",NA,NA,NA
"907","USA_CA_LACPHL_AF00928_2021",NA,NA,NA
"908","USA_CA_LACPHL_AF00929_2021",NA,NA,NA
"909","USA_CA_LACPHL_AF00930_2021",NA,NA,NA
"910","USA_CA_LACPHL_AF00932_2021",NA,NA,NA
"911","USA_CA_LACPHL_AF00933_2021",NA,NA,NA
"912","USA_CA_LACPHL_AF00934_2021",NA,NA,NA
"913","USA_CA_LACPHL_AF00935_2021",NA,NA,NA
"914","USA_CA_LACPHL_AF00937_2021",NA,NA,NA
"915","USA_CA_LACPHL_AF00940_2021",NA,NA,NA
"916","USA_CA_LACPHL_AF00941_2021",NA,NA,NA
"917","USA_CA_LACPHL_AF00942_2021",NA,NA,NA
"918","USA_CA_LACPHL_AF00946_2021",NA,NA,NA
"919","USA_CA_LACPHL_AF00949_2021",NA,NA,NA
"920","USA_CA_LACPHL_AF00971_2021",NA,NA,NA
"921","USA_CA_LACPHL_AF00973_2021",NA,NA,NA
"922","USA_CA_LACPHL_AF00980_2021",NA,NA,NA
"923","USA_CA_LACPHL_AF00981_2021",NA,NA,NA
"924","USA_CA_LACPHL_AF00983_2021",NA,NA,NA
"925","USA_CA_LACPHL_AF00985_2021",NA,NA,NA
"926","USA_CA_LACPHL_AF00988_2021",NA,NA,NA
"927","USA_CA_LACPHL_AF00992_2021",NA,NA,NA
"928","USA_CA_LACPHL_AF00995_2021",NA,NA,NA
"929","USA_CA_LACPHL_AF00996_2021",NA,NA,NA
"930","USA_CA_LACPHL_AF00997_2021",NA,NA,NA
"931","USA_CA_LACPHL_AF00998_2021",NA,NA,NA
"932","USA_CA_LACPHL_AF01001_2021",NA,NA,NA
"933","USA_CA_LACPHL_AF01003_2021",NA,NA,NA
"934","USA_CA_LACPHL_AF01005_2021",NA,NA,NA
"935","USA_CA_LACPHL_AF01007_2021",NA,NA,NA
"936","USA_CA_LACPHL_AF01010_2021",NA,NA,NA
"937","USA_CA_LACPHL_AF01011_2021",NA,NA,NA
"938","USA_CA_LACPHL_AF01016_2021",NA,NA,NA
"939","USA_CA_LACPHL_AF01019_2021",NA,NA,NA
"940","USA_CA_LACPHL_AF01021_2021",NA,NA,NA
"941","USA_CA_LACPHL_AF01025_2021",NA,NA,NA
"942","USA_CA_LACPHL_AF01026_2021",NA,NA,NA
"943","USA_CA_LACPHL_AF01027_2021",NA,NA,NA
"944","USA_CA_LACPHL_AF01029_2021",NA,NA,NA
"945","USA_CA_LACPHL_AF01030_2021",NA,NA,NA
"946","USA_CA_LACPHL_AF01031_2021",NA,NA,NA
"947","USA_CA_LACPHL_AF01038_2021",NA,NA,NA
"948","USA_CA_LACPHL_AF01040_2021",NA,NA,NA
"949","USA_CA_LACPHL_AF01041_2021",NA,NA,NA
"950","USA_CA_LACPHL_AF01042_2021",NA,NA,NA
"951","USA_CA_LACPHL_AF01044_2021",NA,NA,NA
"952","USA_CA_LACPHL_AF01045_2021",NA,NA,NA
"953","USA_CA_LACPHL_AF01046_2021",NA,NA,NA
"954","USA_CA_LACPHL_AF01048_2021",NA,NA,NA
"955","USA_CA_LACPHL_AF01049_2021",NA,NA,NA
"956","USA_CA_LACPHL_AF01051_2021",NA,NA,NA
"957","USA_CA_LACPHL_AF01052_2021",NA,NA,NA
"958","USA_CA_LACPHL_AF01056_2021",NA,NA,NA
"959","USA_CA_LACPHL_AF01058_2021",NA,NA,NA
"960","USA_CA_LACPHL_AF01062_2021",NA,NA,NA
"961","USA_CA_LACPHL_AF01064_2021",NA,NA,NA
"962","USA_CA_LACPHL_AF01065_2021",NA,NA,NA
"963","USA_CA_LACPHL_AF01066_2021",NA,NA,NA
"964","USA_CA_LACPHL_AF01068_2021",NA,NA,NA
"965","USA_CA_LACPHL_AF01070_2021",NA,NA,NA
"966","USA_CA_LACPHL_AF01071_2021",NA,NA,NA
"967","USA_CA_LACPHL_AF01079_2021",NA,NA,NA
"968","USA_CA_LACPHL_AF01082_2021",NA,NA,NA
"969","USA_CA_LACPHL_AF01083_2021",NA,NA,NA
"970","USA_CA_LACPHL_AF01088_2021",NA,NA,NA
"971","USA_CA_LACPHL_AF01100_2021",NA,NA,NA
"972","USA_CA_LACPHL_AF01104_2021",NA,NA,NA
"973","USA_CA_LACPHL_AF01113_2021",NA,NA,NA
"974","USA_CA_LACPHL_AF01115_2021",NA,NA,NA
"975","USA_CA_LACPHL_AF01117_2021",NA,NA,NA
"976","USA_CA_LACPHL_AF01118_2021",NA,NA,NA
"977","USA_CA_LACPHL_AF01122_2021",NA,NA,NA
"978","USA_CA_LACPHL_AF01125_2021",NA,NA,NA
"979","USA_CA_LACPHL_AF01129_2021",NA,NA,NA
"980","USA_CA_LACPHL_AF01130_2021",NA,NA,NA
"981","USA_CA_LACPHL_AF01134_2021",NA,NA,NA
"982","USA_CA_LACPHL_AF01135_2021",NA,NA,NA
"983","USA_CA_LACPHL_AF01137_2021",NA,NA,NA
"984","USA_CA_LACPHL_AF01138_2021",NA,NA,NA
"985","USA_CA_LACPHL_AF01140_2021",NA,NA,NA
"986","USA_CA_LACPHL_AF01141_2021",NA,NA,NA
"987","USA_CA_LACPHL_AF01142_2021",NA,NA,NA
"988","USA_CA_LACPHL_AF01146_2021",NA,NA,NA
"989","USA_CA_LACPHL_AF01149_2021",NA,NA,NA
"990","USA_CA_LACPHL_AF01150_2021",NA,NA,NA
"991","USA_CA_LACPHL_AF01151_2021",NA,NA,NA
"992","USA_CA_LACPHL_AF01162_2021",NA,NA,NA
"993","USA_CA_LACPHL_AF01166_2021",NA,NA,NA
"994","USA_CA_LACPHL_AF01186_2021",NA,NA,NA
"995","USA_CA_LACPHL_AF01189_2021",NA,NA,NA
"996","USA_CA_LACPHL_AF01191_2021",NA,NA,NA
"997","USA_CA_LACPHL_AF01196_2021",NA,NA,NA
"998","USA_CA_LACPHL_AF01199_2021",NA,NA,NA
"999","USA_CA_LACPHL_AF01203_2021",NA,NA,NA
"1000","USA_CA_LACPHL_AF01204_2021",NA,NA,NA
"1001","USA_CA_LACPHL_AF01207_2021",NA,NA,NA
"1002","USA_CA_LACPHL_AF01215_2021",NA,NA,NA
"1003","USA_CA_LACPHL_AF01216_2021",NA,NA,NA
"1004","USA_CA_LACPHL_AF01217_2021",NA,NA,NA
"1005","USA_CA_LACPHL_AF01221_2021",NA,NA,NA
"1006","USA_CA_LACPHL_AF01224_2021",NA,NA,NA
"1007","USA_CA_LACPHL_AF01229_2021",NA,NA,NA
"1008","USA_CA_LACPHL_AF01233_2021",NA,NA,NA
"1009","USA_CA_LACPHL_AF01234_2021",NA,NA,NA
"1010","USA_CA_LACPHL_AF01235_2021",NA,NA,NA
"1011","USA_CA_LACPHL_AF01237_2021",NA,NA,NA
"1012","USA_CA_LACPHL_AF01238_2021",NA,NA,NA
"1013","USA_CA_LACPHL_AF01239_2021",NA,NA,NA
"1014","USA_CA_LACPHL_AF01244_2021",NA,NA,NA
"1015","USA_CA_LACPHL_AF01271_2020","LA","B1243","red"
"1016","USA_CA_LACPHL_AF01274_2020","LA","B1243","red"
"1017","USA_CA_LACPHL_AF01275_2020","LA","B1243","red"
"1018","USA_CA_LACPHL_AF01285_2020","LA","B1243","red"
"1019","USA_CA_LACPHL_AF01308_2021",NA,NA,NA
"1020","USA_CA_LACPHL_AF01309_2021",NA,NA,NA
"1021","USA_CA_LACPHL_AF01310_2021",NA,NA,NA
"1022","USA_CA_LACPHL_AF01318_2021",NA,NA,NA
"1023","USA_CA_LACPHL_AF01322_2021",NA,NA,NA
"1024","USA_CA_LACPHL_AF01323_2021",NA,NA,NA
"1025","USA_CA_LACPHL_AF01324_2021",NA,NA,NA
"1026","USA_CA_LACPHL_AF01327_2021",NA,NA,NA
"1027","USA_CA_LACPHL_AF01328_2021",NA,NA,NA
"1028","USA_CA_LACPHL_AF01330_2021",NA,NA,NA
"1029","USA_CA_LACPHL_AF01332_2021","LA","B1243","red"
"1030","USA_CA_LACPHL_AF01336_2021",NA,NA,NA
"1031","USA_CA_LACPHL_AF01344_2020","LA","B1243","red"
"1032","USA_CA_LACPHL_AF01346_2021",NA,NA,NA
"1033","USA_CA_LACPHL_AF01367_2021",NA,NA,NA
"1034","USA_CA_LACPHL_AF01371_2021",NA,NA,NA
"1035","USA_CA_LACPHL_AF01372_2021",NA,NA,NA
"1036","USA_CA_LACPHL_AF01373_2021",NA,NA,NA
"1037","USA_CA_LACPHL_AF01391_2021",NA,NA,NA
"1038","USA_CA_LACPHL_AF01393_2021",NA,NA,NA
"1039","USA_CA_LACPHL_AF01395_2021",NA,NA,NA
"1040","USA_CA_LACPHL_AF01397_2021",NA,NA,NA
"1041","USA_CA_LACPHL_AF01398_2021",NA,NA,NA
"1042","USA_CA_LACPHL_AF01410_2020","LA","B1243","red"
"1043","USA_CA_LACPHL_AF01422_2021",NA,NA,NA
"1044","USA_CA_LACPHL_AF01433_2021",NA,NA,NA
"1045","USA_CA_LACPHL_AF01437_2021",NA,NA,NA
"1046","USA_CA_LACPHL_AF01438_2021",NA,NA,NA
"1047","USA_CA_LACPHL_AF01446_2021",NA,NA,NA
"1048","USA_CA_LACPHL_AF01456_2021",NA,NA,NA
"1049","USA_CA_LACPHL_AF01495_2021","LA","B1243","red"
"1050","USA_CA_LACPHL_AF01514_2021",NA,NA,NA
"1051","USA_CA_LACPHL_AF01521_2021",NA,NA,NA
"1052","USA_CA_LACPHL_AF01522_2021",NA,NA,NA
"1053","USA_CA_LACPHL_AF01544_2020","LA","B1243","red"
"1054","USA_CA_LACPHL_AF01581_2021",NA,NA,NA
"1055","USA_CA_LACPHL_AF01593_2021","LA","B1243","red"
"1056","USA_CA_LACPHL_AF01598_2021",NA,NA,NA
"1057","USA_CA_LACPHL_AF01600_2021","LA","B1243","red"
"1058","USA_CA_LACPHL_AF01742_2021",NA,NA,NA
"1059","USA_CA_LACPHL_AF01768_2021",NA,NA,NA
"1060","USA_CA_LACPHL_AF01818_2021",NA,NA,NA
"1061","USA_CA_LACPHL_AF02093_2021",NA,NA,NA
"1062","USA_CA_LACPHL_AF02113_2021",NA,NA,NA
"1063","USA_CA_LACPHL_AF02152_2021",NA,NA,NA
"1064","USA_CA_LACPHL_AF02162_2021",NA,NA,NA
"1065","USA_CA_LACPHL_AF02166_2021",NA,NA,NA
"1066","USA_CA_LACPHL_AF02169_2021",NA,NA,NA
"1067","USA_CA_LACPHL_AF02175_2021",NA,NA,NA
"1068","USA_CA_LACPHL_AF02176_2021","LA","B1243","red"
"1069","USA_CA_LACPHL_AF02196_2021",NA,NA,NA
"1070","USA_CA_LACPHL_AF02226_2021",NA,NA,NA
"1071","USA_CA_LACPHL_AF02229_2021",NA,NA,NA
"1072","USA_CA_LACPHL_AF02230_2021",NA,NA,NA
"1073","USA_CA_LACPHL_AF02231_2021",NA,NA,NA
"1074","USA_CA_LACPHL_AF02232_2021",NA,NA,NA
"1075","USA_CA_LACPHL_AF02234_2021",NA,NA,NA
"1076","USA_CA_LACPHL_AF02235_2021",NA,NA,NA
"1077","USA_CA_LACPHL_AF02246_2021",NA,NA,NA
"1078","USA_CA_LACPHL_AF02344_2021",NA,NA,NA
"1079","USA_CA_LACPHL_AF02830_2021",NA,NA,NA
"1080","USA_CA_LACPHL_AF04341_2021",NA,NA,NA
"1081","USA_CA_LACPHL_AF04342_2021",NA,NA,NA
"1082","USA_CA_LACPHL_AF04343_2021",NA,NA,NA
"1083","USA_CA_LACPHL_AF04344_2021",NA,NA,NA
"1084","USA_CA_LACPHL_AF04346_2021",NA,NA,NA
"1085","USA_CA_LACPHL_AF04348_2021",NA,NA,NA
"1086","USA_CA_LACPHL_AF05391_2021",NA,NA,NA
"1087","USA_CA_SEARCH_103747_2021","LA","B1243","red"
"1088","USA_CA_UCLA_252_2020","LA","B1243","red"
"1089","USA_HI_CDC_2_3713972_2020","HI","B1243","blue"
"1090","USA_HI_CDC_2_3713978_2020","HI","B1243","blue"
"1091","USA_HI_CDC_2_3713981_2020","HI","B1243","blue"
"1092","USA_HI_CDC_2_3713991_2020","HI","B1243","blue"
"1093","USA_HI_CDC_2_3713994_2020","HI","B1243","blue"
"1094","USA_HI_CDC_2_3714074_2020","HI","B1243","blue"
"1095","USA_HI_CDC_2_4068561_2020","HI","B1243","blue"
"1096","USA_HI_CDC_2_4068580_2021","HI","B1243","blue"
"1097","USA_HI_CDC_2_4068595_2020","HI","B1243","blue"
"1098","USA_HI_CDC_2_4068726_2020","HI","B1243","blue"
"1099","USA_HI_H200133_2020","HI","B1243","blue"
"1100","USA_HI_H200154_2020","HI","B1243","blue"
"1101","USA_HI_H200156_2020","HI","B1243","blue"
"1102","USA_HI_H200162_2020","HI","B1243","blue"
"1103","USA_HI_H200163_2020","HI","B1243","blue"
"1104","USA_HI_H200164_2020","HI","B1243","blue"
"1105","USA_HI_H200170_2020","HI","B1243","blue"
"1106","USA_HI_H200171_2020","HI","B1243","blue"
"1107","USA_HI_H200173_2020","HI","B1243","blue"
"1108","USA_HI_H200174_2020","HI","B1243","blue"
"1109","USA_HI_H200175_2020","HI","B1243","blue"
"1110","USA_HI_H200176_2020","HI","B1243","blue"
"1111","USA_HI_H200177_2020","HI","B1243","blue"
"1112","USA_HI_H200178_2020","HI","B1243","blue"
"1113","USA_HI_H200179_2020","HI","B1243","blue"
"1114","USA_HI_H200180_2020","HI","B1243","blue"
"1115","USA_HI_H200181_2020","HI","B1243","blue"
"1116","USA_HI_H200182_2020","HI","B1243","blue"
"1117","USA_HI_H200183_2020","HI","B1243","blue"
"1118","USA_HI_H200184_2020","HI","B1243","blue"
"1119","USA_HI_H200185_2020","HI","B1243","blue"
"1120","USA_HI_H200187_2020","HI","B1243","blue"
"1121","USA_HI_H200188_2020","HI","B1243","blue"
"1122","USA_HI_H200189_2020","HI","B1243","blue"
"1123","USA_HI_H200190_2020","HI","B1243","blue"
"1124","USA_HI_H200191_2020","HI","B1243","blue"
"1125","USA_HI_H200192_2020","HI","B1243","blue"
"1126","USA_HI_H200193_2020","HI","B1243","blue"
"1127","USA_HI_H200194_2020","HI","B1243","blue"
"1128","USA_HI_H200195_2020","HI","B1243","blue"
"1129","USA_HI_H200196_2020","HI","B1243","blue"
"1130","USA_HI_H200197_2020","HI","B1243","blue"
"1131","USA_HI_H200198_2020","HI","B1243","blue"
"1132","USA_HI_H200199_2020","HI","B1243","blue"
"1133","USA_HI_H200200_2020","HI","B1243","blue"
"1134","USA_HI_H200201_2020","HI","B1243","blue"
"1135","USA_HI_H200202_2020","HI","B1243","blue"
"1136","USA_HI_H200203_2020","HI","B1243","blue"
"1137","USA_HI_H200204_2020","HI","B1243","blue"
"1138","USA_HI_H200205_2020","HI","B1243","blue"
"1139","USA_HI_H200206_2020","HI","B1243","blue"
"1140","USA_HI_H200207_2020","HI","B1243","blue"
"1141","USA_HI_H200208_2020","HI","B1243","blue"
"1142","USA_HI_H200209_2020","HI","B1243","blue"
"1143","USA_HI_H200210_2020","HI","B1243","blue"
"1144","USA_HI_H200211_2020","HI","B1243","blue"
"1145","USA_HI_H200212_2020","HI","B1243","blue"
"1146","USA_HI_H200213_2020","HI","B1243","blue"
"1147","USA_HI_H200214_2020","HI","B1243","blue"
"1148","USA_HI_H200215_2020","HI","B1243","blue"
"1149","USA_HI_H200216_2020","HI","B1243","blue"
"1150","USA_HI_H200217_2020","HI","B1243","blue"
"1151","USA_HI_H200218_2020","HI","B1243","blue"
"1152","USA_HI_H200219_2020","HI","B1243","blue"
"1153","USA_HI_H200220_2020","HI","B1243","blue"
"1154","USA_HI_H200221_2020","HI","B1243","blue"
"1155","USA_HI_H200222_2020","HI","B1243","blue"
"1156","USA_HI_H200223_2020","HI","B1243","blue"
"1157","USA_HI_H200224_2020","HI","B1243","blue"
"1158","USA_HI_H200225_2020","HI","B1243","blue"
"1159","USA_HI_H200226_2020","HI","B1243","blue"
"1160","USA_HI_H200227_2020","HI","B1243","blue"
"1161","USA_HI_H200228_2020","HI","B1243","blue"
"1162","USA_HI_H200229_2020","HI","B1243","blue"
"1163","USA_HI_H200230_2020","HI","B1243","blue"
"1164","USA_HI_H200231_2020","HI","B1243","blue"
"1165","USA_HI_H200232_2020","HI","B1243","blue"
"1166","USA_HI_H200233_2020","HI","B1243","blue"
"1167","USA_HI_H200234_2020","HI","B1243","blue"
"1168","USA_HI_H200235_2020","HI","B1243","blue"
"1169","USA_HI_H200236_2020","HI","B1243","blue"
"1170","USA_HI_H200237_2020","HI","B1243","blue"
"1171","USA_HI_H200238_2020","HI","B1243","blue"
"1172","USA_HI_H200239_2020","HI","B1243","blue"
"1173","USA_HI_H200240_2020","HI","B1243","blue"
"1174","USA_HI_H200241_2020","HI","B1243","blue"
"1175","USA_HI_H200242_2020","HI","B1243","blue"
"1176","USA_HI_H200243_2020","HI","B1243","blue"
"1177","USA_HI_H200244_2020","HI","B1243","blue"
"1178","USA_HI_H200245_2020","HI","B1243","blue"
"1179","USA_HI_H200246_2020","HI","B1243","blue"
"1180","USA_HI_H200247_2020","HI","B1243","blue"
"1181","USA_HI_H200248_2020","HI","B1243","blue"
"1182","USA_HI_H200249_2020","HI","B1243","blue"
"1183","USA_HI_H200250_2020","HI","B1243","blue"
"1184","USA_HI_H200251_2020","HI","B1243","blue"
"1185","USA_HI_H200252_2020","HI","B1243","blue"
"1186","USA_HI_H200253_2020","HI","B1243","blue"
"1187","USA_HI_H200254_2020","HI","B1243","blue"
"1188","USA_HI_H200255_2020","HI","B1243","blue"
"1189","USA_HI_H200256_2020","HI","B1243","blue"
"1190","USA_HI_H200257_2020","HI","B1243","blue"
"1191","USA_HI_H200258_2020","HI","B1243","blue"
"1192","USA_HI_H200259_2020","HI","B1243","blue"
"1193","USA_HI_H200260_2020","HI","B1243","blue"
"1194","USA_HI_H200261_2020","HI","B1243","blue"
"1195","USA_HI_H200262_2020","HI","B1243","blue"
"1196","USA_HI_H200263_2020","HI","B1243","blue"
"1197","USA_HI_H200264_2020","HI","B1243","blue"
"1198","USA_HI_H200265_2020","HI","B1243","blue"
"1199","USA_HI_H200266_2020","HI","B1243","blue"
"1200","USA_HI_H200267_2020","HI","B1243","blue"
"1201","USA_HI_H200268_2020","HI","B1243","blue"
"1202","USA_HI_H200269_2020","HI","B1243","blue"
"1203","USA_HI_H200270_2020","HI","B1243","blue"
"1204","USA_HI_H200271_2020","HI","B1243","blue"
"1205","USA_HI_H200272_2020","HI","B1243","blue"
"1206","USA_HI_H200273_2020","HI","B1243","blue"
"1207","USA_HI_H200274_2020","HI","B1243","blue"
"1208","USA_HI_H200275_2020","HI","B1243","blue"
"1209","USA_HI_H200276_2020","HI","B1243","blue"
"1210","USA_HI_H200277_2020","HI","B1243","blue"
"1211","USA_HI_H200278_2020","HI","B1243","blue"
"1212","USA_HI_H200279_2020","HI","B1243","blue"
"1213","USA_HI_H200280_2020","HI","B1243","blue"
"1214","USA_HI_H200281_2020","HI","B1243","blue"
"1215","USA_HI_H200282_2020","HI","B1243","blue"
"1216","USA_HI_H200283_2020","HI","B1243","blue"
"1217","USA_HI_H200284_2020","HI","B1243","blue"
"1218","USA_HI_H200287_2020","HI","B1243","blue"
"1219","USA_HI_H200288_2020","HI","B1243","blue"
"1220","USA_HI_H200289_2020","HI","B1243","blue"
"1221","USA_HI_H200290_2020","HI","B1243","blue"
"1222","USA_HI_H200292_2020","HI","B1243","blue"
"1223","USA_HI_H200293_2020","HI","B1243","blue"
"1224","USA_HI_H200294_2020","HI","B1243","blue"
"1225","USA_HI_H200295_2020","HI","B1243","blue"
"1226","USA_HI_H200296_2020","HI","B1243","blue"
"1227","USA_HI_H200297_2020","HI","B1243","blue"
"1228","USA_HI_H200298_2020","HI","B1243","blue"
"1229","USA_HI_H200299_2020","HI","B1243","blue"
"1230","USA_HI_H200300_2020","HI","B1243","blue"
"1231","USA_HI_H200301_2020","HI","B1243","blue"
"1232","USA_HI_H200302_2020","HI","B1243","blue"
"1233","USA_HI_H200303_2020","HI","B1243","blue"
"1234","USA_HI_H200304_2020","HI","B1243","blue"
"1235","USA_HI_H200305_2020","HI","B1243","blue"
"1236","USA_HI_H200306_2020","HI","B1243","blue"
"1237","USA_HI_H200307_2020","HI","B1243","blue"
"1238","USA_HI_H200308_2020","HI","B1243","blue"
"1239","USA_HI_H200309_2020","HI","B1243","blue"
"1240","USA_HI_H200310_2020","HI","B1243","blue"
"1241","USA_HI_H200311_2020","HI","B1243","blue"
"1242","USA_HI_H200312_2020","HI","B1243","blue"
"1243","USA_HI_H200313_2020","HI","B1243","blue"
"1244","USA_HI_H200314_2020","HI","B1243","blue"
"1245","USA_HI_H200315_2020","HI","B1243","blue"
"1246","USA_HI_H200316_2020","HI","B1243","blue"
"1247","USA_HI_H200317_2020","HI","B1243","blue"
"1248","USA_HI_H200318_2020","HI","B1243","blue"
"1249","USA_HI_H200319_2020","HI","B1243","blue"
"1250","USA_HI_H200322_2020","HI","B1243","blue"
"1251","USA_HI_H200323_2020","HI","B1243","blue"
"1252","USA_HI_H200324_2020","HI","B1243","blue"
"1253","USA_HI_H200325_2020","HI","B1243","blue"
"1254","USA_HI_H200326_2020","HI","B1243","blue"
"1255","USA_HI_H200327_2020","HI","B1243","blue"
"1256","USA_HI_H200328_2020","HI","B1243","blue"
"1257","USA_HI_H200329_2020","HI","B1243","blue"
"1258","USA_HI_H200330_2020","HI","B1243","blue"
"1259","USA_HI_H200331_2020","HI","B1243","blue"
"1260","USA_HI_H200332_2020","HI","B1243","blue"
"1261","USA_HI_H200333_2020","HI","B1243","blue"
"1262","USA_HI_H200334_2020","HI","B1243","blue"
"1263","USA_HI_H200335_2020","HI","B1243","blue"
"1264","USA_HI_H200336_2020","HI","B1243","blue"
"1265","USA_HI_H200337_2020","HI","B1243","blue"
"1266","USA_HI_H200339_2020","HI","B1243","blue"
"1267","USA_HI_H200340_2020","HI","B1243","blue"
"1268","USA_HI_H200342_2020","HI","B1243","blue"
"1269","USA_HI_H200343_2020","HI","B1243","blue"
"1270","USA_HI_H200344_2020","HI","B1243","blue"
"1271","USA_HI_H200345_2020","HI","B1243","blue"
"1272","USA_HI_H200346_2020","HI","B1243","blue"
"1273","USA_HI_H200347_2020","HI","B1243","blue"
"1274","USA_HI_H200348_2020","HI","B1243","blue"
"1275","USA_HI_H200349_2020","HI","B1243","blue"
"1276","USA_HI_H200350_2020","HI","B1243","blue"
"1277","USA_HI_H200351_2020","HI","B1243","blue"
"1278","USA_HI_H200352_2020","HI","B1243","blue"
"1279","USA_HI_H200353_2020","HI","B1243","blue"
"1280","USA_HI_H200354_2020","HI","B1243","blue"
"1281","USA_HI_H200355_2020","HI","B1243","blue"
"1282","USA_HI_H200356_2020","HI","B1243","blue"
"1283","USA_HI_H200357_2020","HI","B1243","blue"
"1284","USA_HI_H200358_2020","HI","B1243","blue"
"1285","USA_HI_H200359_2020","HI","B1243","blue"
"1286","USA_HI_H200360_2020","HI","B1243","blue"
"1287","USA_HI_H200361_2020","HI","B1243","blue"
"1288","USA_HI_H200362_2020","HI","B1243","blue"
"1289","USA_HI_H200363_2020","HI","B1243","blue"
"1290","USA_HI_H200364_2020","HI","B1243","blue"
"1291","USA_HI_H200365_2020","HI","B1243","blue"
"1292","USA_HI_H200366_2020","HI","B1243","blue"
"1293","USA_HI_H200367_2020","HI","B1243","blue"
"1294","USA_HI_H200368_2020","HI","B1243","blue"
"1295","USA_HI_H200376_2020","HI","B1243","blue"
"1296","USA_HI_H200377_2020","HI","B1243","blue"
"1297","USA_HI_H200379_2020","HI","B1243","blue"
"1298","USA_HI_H200381_2020","HI","B1243","blue"
"1299","USA_HI_H200382_2020","HI","B1243","blue"
"1300","USA_HI_H200383_2020","HI","B1243","blue"
"1301","USA_HI_H200384_2020","HI","B1243","blue"
"1302","USA_HI_H200385_2020","HI","B1243","blue"
"1303","USA_HI_H200386_2020","HI","B1243","blue"
"1304","USA_HI_H200387_2020","HI","B1243","blue"
"1305","USA_HI_H200388_2020","HI","B1243","blue"
"1306","USA_HI_H200389_2020","HI","B1243","blue"
"1307","USA_HI_H200390_2020","HI","B1243","blue"
"1308","USA_HI_H200391_2020","HI","B1243","blue"
"1309","USA_HI_H200392_2020","HI","B1243","blue"
"1310","USA_HI_H200393_2020","HI","B1243","blue"
"1311","USA_HI_H200395_2020","HI","B1243","blue"
"1312","USA_HI_H200396_2020","HI","B1243","blue"
"1313","USA_HI_H200397_2020","HI","B1243","blue"
"1314","USA_HI_H200398_2020","HI","B1243","blue"
"1315","USA_HI_H200399_2020","HI","B1243","blue"
"1316","USA_HI_H200400_2020","HI","B1243","blue"
"1317","USA_HI_H200401_2020","HI","B1243","blue"
"1318","USA_HI_H200402_2020","HI","B1243","blue"
"1319","USA_HI_H200403_2020","HI","B1243","blue"
"1320","USA_HI_H200404_2020","HI","B1243","blue"
"1321","USA_HI_H200406_2020","HI","B1243","blue"
"1322","USA_HI_H200407_2020","HI","B1243","blue"
"1323","USA_HI_H200408_2020","HI","B1243","blue"
"1324","USA_HI_H200409_2020","HI","B1243","blue"
"1325","USA_HI_H200411_2020","HI","B1243","blue"
"1326","USA_HI_H200412_2020","HI","B1243","blue"
"1327","USA_HI_H200414_2020","HI","B1243","blue"
"1328","USA_HI_H200415_2020","HI","B1243","blue"
"1329","USA_HI_H200417_2020","HI","B1243","blue"
"1330","USA_HI_H200418_2020","HI","B1243","blue"
"1331","USA_HI_H200419_2020","HI","B1243","blue"
"1332","USA_HI_H200420_2020","HI","B1243","blue"
"1333","USA_HI_H200421_2020","HI","B1243","blue"
"1334","USA_HI_H200422_2020","HI","B1243","blue"
"1335","USA_HI_H200423_2020","HI","B1243","blue"
"1336","USA_HI_H200424_2020","HI","B1243","blue"
"1337","USA_HI_H200425_2020","HI","B1243","blue"
"1338","USA_HI_H200426_2020","HI","B1243","blue"
"1339","USA_HI_H200427_2020","HI","B1243","blue"
"1340","USA_HI_H200428_2020","HI","B1243","blue"
"1341","USA_HI_H200429_2020","HI","B1243","blue"
"1342","USA_HI_H200430_2020","HI","B1243","blue"
"1343","USA_HI_H200431_2020","HI","B1243","blue"
"1344","USA_HI_H200433_2020","HI","B1243","blue"
"1345","USA_HI_H200434_2020","HI","B1243","blue"
"1346","USA_HI_H200435_2020","HI","B1243","blue"
"1347","USA_HI_H200436_2020","HI","B1243","blue"
"1348","USA_HI_H200437_2020","HI","B1243","blue"
"1349","USA_HI_H200438_2020","HI","B1243","blue"
"1350","USA_HI_H200439_2020","HI","B1243","blue"
"1351","USA_HI_H200440_2020","HI","B1243","blue"
"1352","USA_HI_H200441_2020","HI","B1243","blue"
"1353","USA_HI_H200442_2020","HI","B1243","blue"
"1354","USA_HI_H200443_2020","HI","B1243","blue"
"1355","USA_HI_H200444_2020","HI","B1243","blue"
"1356","USA_HI_H200445_2020","HI","B1243","blue"
"1357","USA_HI_H200446_2020","HI","B1243","blue"
"1358","USA_HI_H200447_2020","HI","B1243","blue"
"1359","USA_HI_H200448_2020","HI","B1243","blue"
"1360","USA_HI_H200449_2020","HI","B1243","blue"
"1361","USA_HI_H200450_2020","HI","B1243","blue"
"1362","USA_HI_H200451_2020","HI","B1243","blue"
"1363","USA_HI_H200452_2020","HI","B1243","blue"
"1364","USA_HI_H200453_2020","HI","B1243","blue"
"1365","USA_HI_H200454_2020","HI","B1243","blue"
"1366","USA_HI_H200455_2020","HI","B1243","blue"
"1367","USA_HI_H200456_2020","HI","B1243","blue"
"1368","USA_HI_H200457_2020","HI","B1243","blue"
"1369","USA_HI_H200458_2020","HI","B1243","blue"
"1370","USA_HI_H200459_2020","HI","B1243","blue"
"1371","USA_HI_H200460_2020","HI","B1243","blue"
"1372","USA_HI_H200461_2020","HI","B1243","blue"
"1373","USA_HI_H200462_2020","HI","B1243","blue"
"1374","USA_HI_H200463_2020","HI","B1243","blue"
"1375","USA_HI_H200464_2020","HI","B1243","blue"
"1376","USA_HI_H200465_2020","HI","B1243","blue"
"1377","USA_HI_H200466_2020","HI","B1243","blue"
"1378","USA_HI_H200467_2020","HI","B1243","blue"
"1379","USA_HI_H200468_2020","HI","B1243","blue"
"1380","USA_HI_H200469_2020","HI","B1243","blue"
"1381","USA_HI_H200470_2020","HI","B1243","blue"
"1382","USA_HI_H200471_2020","HI","B1243","blue"
"1383","USA_HI_H200472_2020","HI","B1243","blue"
"1384","USA_HI_H200473_2020","HI","B1243","blue"
"1385","USA_HI_H200475_2020","HI","B1243","blue"
"1386","USA_HI_H200477_2020","HI","B1243","blue"
"1387","USA_HI_H200479_2020","HI","B1243","blue"
"1388","USA_HI_H200480_2020","HI","B1243","blue"
"1389","USA_HI_H200481_2020","HI","B1243","blue"
"1390","USA_HI_H200482_2020","HI","B1243","blue"
"1391","USA_HI_H200483_2020","HI","B1243","blue"
"1392","USA_HI_H200485_2020","HI","B1243","blue"
"1393","USA_HI_H200486_2020","HI","B1243","blue"
"1394","USA_HI_H200487_2020","HI","B1243","blue"
"1395","USA_HI_H200488_2020","HI","B1243","blue"
"1396","USA_HI_H200490_2020","HI","B1243","blue"
"1397","USA_HI_H200492_2020","HI","B1243","blue"
"1398","USA_HI_H200493_2020","HI","B1243","blue"
"1399","USA_HI_H200494_2020","HI","B1243","blue"
"1400","USA_HI_H200495_2020","HI","B1243","blue"
"1401","USA_HI_H200496_2020","HI","B1243","blue"
"1402","USA_HI_H200497_2020","HI","B1243","blue"
"1403","USA_HI_H200498_2020","HI","B1243","blue"
"1404","USA_HI_H200499_2020","HI","B1243","blue"
"1405","USA_HI_H200501_2020","HI","B1243","blue"
"1406","USA_HI_H200502_2020","HI","B1243","blue"
"1407","USA_HI_H200503_2020","HI","B1243","blue"
"1408","USA_HI_H200504_2020","HI","B1243","blue"
"1409","USA_HI_H200505_2020","HI","B1243","blue"
"1410","USA_HI_H200507_2020","HI","B1243","blue"
"1411","USA_HI_H200508_2020","HI","B1243","blue"
"1412","USA_HI_H200509_2020","HI","B1243","blue"
"1413","USA_HI_H200510_2020","HI","B1243","blue"
"1414","USA_HI_H200513_2020","HI","B1243","blue"
"1415","USA_HI_H200514_2020","HI","B1243","blue"
"1416","USA_HI_H200515_2020","HI","B1243","blue"
"1417","USA_HI_H200516_2020","HI","B1243","blue"
"1418","USA_HI_H200519_2020","HI","B1243","blue"
"1419","USA_HI_H200521_2020","HI","B1243","blue"
"1420","USA_HI_H200522_2020","HI","B1243","blue"
"1421","USA_HI_H200523_2020","HI","B1243","blue"
"1422","USA_HI_H200524_2020","HI","B1243","blue"
"1423","USA_HI_H200525_2020","HI","B1243","blue"
"1424","USA_HI_H200526_2020","HI","B1243","blue"
"1425","USA_HI_H200527_2020","HI","B1243","blue"
"1426","USA_HI_H200528_2020","HI","B1243","blue"
"1427","USA_HI_H200529_2020","HI","B1243","blue"
"1428","USA_HI_H200530_2020","HI","B1243","blue"
"1429","USA_HI_H200532_2020","HI","B1243","blue"
"1430","USA_HI_H200533_2020","HI","B1243","blue"
"1431","USA_HI_H200534_2020","HI","B1243","blue"
"1432","USA_HI_H200536_2020","HI","B1243","blue"
"1433","USA_HI_H200537_2020","HI","B1243","blue"
"1434","USA_HI_H200538_2020","HI","B1243","blue"
"1435","USA_HI_H200539_2020","HI","B1243","blue"
"1436","USA_HI_H200540_2020","HI","B1243","blue"
"1437","USA_HI_H200541_2020","HI","B1243","blue"
"1438","USA_HI_H200543_2020","HI","B1243","blue"
"1439","USA_HI_H200544_2020","HI","B1243","blue"
"1440","USA_HI_H200545_2020","HI","B1243","blue"
"1441","USA_HI_H200546_2020","HI","B1243","blue"
"1442","USA_HI_H200547_2020","HI","B1243","blue"
"1443","USA_HI_H200548_2020","HI","B1243","blue"
"1444","USA_HI_H200550_2020","HI","B1243","blue"
"1445","USA_HI_H200552_2020","HI","B1243","blue"
"1446","USA_HI_H200553_2020","HI","B1243","blue"
"1447","USA_HI_H200554_2020","HI","B1243","blue"
"1448","USA_HI_H200555_2020","HI","B1243","blue"
"1449","USA_HI_H200556_2020","HI","B1243","blue"
"1450","USA_HI_H200557_2020","HI","B1243","blue"
"1451","USA_HI_H200559_2020","HI","B1243","blue"
"1452","USA_HI_H200560_2020","HI","B1243","blue"
"1453","USA_HI_H200561_2020","HI","B1243","blue"
"1454","USA_HI_H200562_2020","HI","B1243","blue"
"1455","USA_HI_H200563_2020","HI","B1243","blue"
"1456","USA_HI_H200564_2020","HI","B1243","blue"
"1457","USA_HI_H200565_2020","HI","B1243","blue"
"1458","USA_HI_H200566_2020","HI","B1243","blue"
"1459","USA_HI_H200567_2020","HI","B1243","blue"
"1460","USA_HI_H200569_2020","HI","B1243","blue"
"1461","USA_HI_H200570_2020","HI","B1243","blue"
"1462","USA_HI_H200571_2020","HI","B1243","blue"
"1463","USA_HI_H200572_2020","HI","B1243","blue"
"1464","USA_HI_H200573_2020","HI","B1243","blue"
"1465","USA_HI_H200574_2020","HI","B1243","blue"
"1466","USA_HI_H200575_2020","HI","B1243","blue"
"1467","USA_HI_H200576_2020","HI","B1243","blue"
"1468","USA_HI_H200577_2020","HI","B1243","blue"
"1469","USA_HI_H200578_2020","HI","B1243","blue"
"1470","USA_HI_H200579_2020","HI","B1243","blue"
"1471","USA_HI_H200580_2020","HI","B1243","blue"
"1472","USA_HI_H200581_2020","HI","B1243","blue"
"1473","USA_HI_H200582_2020","HI","B1243","blue"
"1474","USA_HI_H200583_2020","HI","B1243","blue"
"1475","USA_HI_H200584_2020","HI","B1243","blue"
"1476","USA_HI_H200585_2020","HI","B1243","blue"
"1477","USA_HI_H200586_2020","HI","B1243","blue"
"1478","USA_HI_H200588_2020","HI","B1243","blue"
"1479","USA_HI_H200589_2020","HI","B1243","blue"
"1480","USA_HI_H200591_2020","HI","B1243","blue"
"1481","USA_HI_H200592_2020","HI","B1243","blue"
"1482","USA_HI_H200593_2020","HI","B1243","blue"
"1483","USA_HI_H200594_2020","HI","B1243","blue"
"1484","USA_HI_H200595_2020","HI","B1243","blue"
"1485","USA_HI_H200596_2020","HI","B1243","blue"
"1486","USA_HI_H200597_2020","HI","B1243","blue"
"1487","USA_HI_H200598_2020","HI","B1243","blue"
"1488","USA_HI_H200599_2020","HI","B1243","blue"
"1489","USA_HI_H200600_2020","HI","B1243","blue"
"1490","USA_HI_H200601_2020","HI","B1243","blue"
"1491","USA_HI_H200602_2020","HI","B1243","blue"
"1492","USA_HI_H200603_2020","HI","B1243","blue"
"1493","USA_HI_H200604_2020","HI","B1243","blue"
"1494","USA_HI_H200605_2020","HI","B1243","blue"
"1495","USA_HI_H200606_2020","HI","B1243","blue"
"1496","USA_HI_H200607_2020","HI","B1243","blue"
"1497","USA_HI_H200608_2020","HI","B1243","blue"
"1498","USA_HI_H200609_2020","HI","B1243","blue"
"1499","USA_HI_H200610_2020","HI","B1243","blue"
"1500","USA_HI_H200611_2020","HI","B1243","blue"
"1501","USA_HI_H200612_2020","HI","B1243","blue"
"1502","USA_HI_H200613_2020","HI","B1243","blue"
"1503","USA_HI_H200614_2020","HI","B1243","blue"
"1504","USA_HI_H200615_2020","HI","B1243","blue"
"1505","USA_HI_H200616_2020","HI","B1243","blue"
"1506","USA_HI_H200617_2020","HI","B1243","blue"
"1507","USA_HI_H200618_2020","HI","B1243","blue"
"1508","USA_HI_H200619_2020","HI","B1243","blue"
"1509","USA_HI_H200620_2020","HI","B1243","blue"
"1510","USA_HI_H200621_2020","HI","B1243","blue"
"1511","USA_HI_H200622_2020","HI","B1243","blue"
"1512","USA_HI_H200623_2020","HI","B1243","blue"
"1513","USA_HI_H200624_2020","HI","B1243","blue"
"1514","USA_HI_H200625_2020","HI","B1243","blue"
"1515","USA_HI_H200629_2020","HI","B1243","blue"
"1516","USA_HI_H200630_2020","HI","B1243","blue"
"1517","USA_HI_H200631_2020","HI","B1243","blue"
"1518","USA_HI_H200632_2020","HI","B1243","blue"
"1519","USA_HI_H200633_2020","HI","B1243","blue"
"1520","USA_HI_H200634_2020","HI","B1243","blue"
"1521","USA_HI_H200635_2020","HI","B1243","blue"
"1522","USA_HI_H200636_2020","HI","B1243","blue"
"1523","USA_HI_H200637_2020","HI","B1243","blue"
"1524","USA_HI_H200638_2020","HI","B1243","blue"
"1525","USA_HI_H200639_2020","HI","B1243","blue"
"1526","USA_HI_H200640_2020","HI","B1243","blue"
"1527","USA_HI_H200641_2020","HI","B1243","blue"
"1528","USA_HI_H200642_2020","HI","B1243","blue"
"1529","USA_HI_H200643_2020","HI","B1243","blue"
"1530","USA_HI_H200645_2020","HI","B1243","blue"
"1531","USA_HI_H200646_2020","HI","B1243","blue"
"1532","USA_HI_H200647_2020","HI","B1243","blue"
"1533","USA_HI_H200650_2020","HI","B1243","blue"
"1534","USA_HI_H200651_2020","HI","B1243","blue"
"1535","USA_HI_H200652_2020","HI","B1243","blue"
"1536","USA_HI_H200655_2020","HI","B1243","blue"
"1537","USA_HI_H200656_2020","HI","B1243","blue"
"1538","USA_HI_H200657_2020","HI","B1243","blue"
"1539","USA_HI_H200658_2020","HI","B1243","blue"
"1540","USA_HI_H200659_2020","HI","B1243","blue"
"1541","USA_HI_H200660_2020","HI","B1243","blue"
"1542","USA_HI_H200661_2020","HI","B1243","blue"
"1543","USA_HI_H200662_2020","HI","B1243","blue"
"1544","USA_HI_H200663_2020","HI","B1243","blue"
"1545","USA_HI_H200664_2020","HI","B1243","blue"
"1546","USA_HI_H200665_2020","HI","B1243","blue"
"1547","USA_HI_H200666_2020","HI","B1243","blue"
"1548","USA_HI_H200667_2020","HI","B1243","blue"
"1549","USA_HI_H200668_2020","HI","B1243","blue"
"1550","USA_HI_H200669_2020","HI","B1243","blue"
"1551","USA_HI_H200670_2020","HI","B1243","blue"
"1552","USA_HI_H200671_2020","HI","B1243","blue"
"1553","USA_HI_H200672_2020","HI","B1243","blue"
"1554","USA_HI_H200673_2020","HI","B1243","blue"
"1555","USA_HI_H200674_2020","HI","B1243","blue"
"1556","USA_HI_H200675_2020","HI","B1243","blue"
"1557","USA_HI_H200676_2020","HI","B1243","blue"
"1558","USA_HI_H200679_2020","HI","B1243","blue"
"1559","USA_HI_H200680_2020","HI","B1243","blue"
"1560","USA_HI_H200681_2020","HI","B1243","blue"
"1561","USA_HI_H200682_2020","HI","B1243","blue"
"1562","USA_HI_H200683_2020","HI","B1243","blue"
"1563","USA_HI_H200684_2020","HI","B1243","blue"
"1564","USA_HI_H200685_2020","HI","B1243","blue"
"1565","USA_HI_H200686_2020","HI","B1243","blue"
"1566","USA_HI_H200687_2020","HI","B1243","blue"
"1567","USA_HI_H200688_2020","HI","B1243","blue"
"1568","USA_HI_H200690_2020","HI","B1243","blue"
"1569","USA_HI_H200691_2020","HI","B1243","blue"
"1570","USA_HI_H200693_2020","HI","B1243","blue"
"1571","USA_HI_H200694_2020","HI","B1243","blue"
"1572","USA_HI_H200695_2020","HI","B1243","blue"
"1573","USA_HI_H200696_2020","HI","B1243","blue"
"1574","USA_HI_H200697_2020","HI","B1243","blue"
"1575","USA_HI_H200698_2020","HI","B1243","blue"
"1576","USA_HI_H200699_2020","HI","B1243","blue"
"1577","USA_HI_H200701_2020","HI","B1243","blue"
"1578","USA_HI_H200702_2020","HI","B1243","blue"
"1579","USA_HI_H200703_2020","HI","B1243","blue"
"1580","USA_HI_H200705_2020","HI","B1243","blue"
"1581","USA_HI_H200706_2020","HI","B1243","blue"
"1582","USA_HI_H200707_2020","HI","B1243","blue"
"1583","USA_HI_H200708_2020","HI","B1243","blue"
"1584","USA_HI_H200709_2020","HI","B1243","blue"
"1585","USA_HI_H200710_2020","HI","B1243","blue"
"1586","USA_HI_H200711_2020","HI","B1243","blue"
"1587","USA_HI_H200712_2020","HI","B1243","blue"
"1588","USA_HI_H200713_2020","HI","B1243","blue"
"1589","USA_HI_H200714_2020","HI","B1243","blue"
"1590","USA_HI_H200715_2020","HI","B1243","blue"
"1591","USA_HI_H200716_2020","HI","B1243","blue"
"1592","USA_HI_H200717_2020","HI","B1243","blue"
"1593","USA_HI_H200719_2020","HI","B1243","blue"
"1594","USA_HI_H200721_2020","HI","B1243","blue"
"1595","USA_HI_H200722_2020","HI","B1243","blue"
"1596","USA_HI_H200723_2020","HI","B1243","blue"
"1597","USA_HI_H200724_2020","HI","B1243","blue"
"1598","USA_HI_H200725_2020","HI","B1243","blue"
"1599","USA_HI_H200726_2020","HI","B1243","blue"
"1600","USA_HI_H200727_2020","HI","B1243","blue"
"1601","USA_HI_H200728_2020","HI","B1243","blue"
"1602","USA_HI_H200729_2020","HI","B1243","blue"
"1603","USA_HI_H200730_2020","HI","B1243","blue"
"1604","USA_HI_H200731_2020","HI","B1243","blue"
"1605","USA_HI_H200732_2020","HI","B1243","blue"
"1606","USA_HI_H200733_2020","HI","B1243","blue"
"1607","USA_HI_H200734_2020","HI","B1243","blue"
"1608","USA_HI_H200735_2020","HI","B1243","blue"
"1609","USA_HI_H200736_2020","HI","B1243","blue"
"1610","USA_HI_H200737_2020","HI","B1243","blue"
"1611","USA_HI_H200738_2020","HI","B1243","blue"
"1612","USA_HI_H200739_2020","HI","B1243","blue"
"1613","USA_HI_H200740_2020","HI","B1243","blue"
"1614","USA_HI_H200741_2020","HI","B1243","blue"
"1615","USA_HI_H200742_2020","HI","B1243","blue"
"1616","USA_HI_H200743_2020","HI","B1243","blue"
"1617","USA_HI_H200744_2020","HI","B1243","blue"
"1618","USA_HI_H200745_2020","HI","B1243","blue"
"1619","USA_HI_H200746_2020","HI","B1243","blue"
"1620","USA_HI_H200747_2020","HI","B1243","blue"
"1621","USA_HI_H200748_2020","HI","B1243","blue"
"1622","USA_HI_H200749_2020","HI","B1243","blue"
"1623","USA_HI_H200750_2020","HI","B1243","blue"
"1624","USA_HI_H200751_2020","HI","B1243","blue"
"1625","USA_HI_H200752_2020","HI","B1243","blue"
"1626","USA_HI_H200753_2020","HI","B1243","blue"
"1627","USA_HI_H200754_2020","HI","B1243","blue"
"1628","USA_HI_H200755_2020","HI","B1243","blue"
"1629","USA_HI_H200756_2020","HI","B1243","blue"
"1630","USA_HI_H200757_2020","HI","B1243","blue"
"1631","USA_HI_H200758_2020","HI","B1243","blue"
"1632","USA_HI_H200759_2020","HI","B1243","blue"
"1633","USA_HI_H200760_2020","HI","B1243","blue"
"1634","USA_HI_H200761_2020","HI","B1243","blue"
"1635","USA_HI_H200762_2020","HI","B1243","blue"
"1636","USA_HI_H200763_2020","HI","B1243","blue"
"1637","USA_HI_H200764_2020","HI","B1243","blue"
"1638","USA_HI_H210769_2020","HI","B1243","blue"
"1639","USA_HI_H210770_2020","HI","B1243","blue"
"1640","USA_HI_H210771_2020","HI","B1243","blue"
"1641","USA_HI_H210772_2020","HI","B1243","blue"
"1642","USA_HI_H210773_2020","HI","B1243","blue"
"1643","USA_HI_H210779_2020","HI","B1243","blue"
"1644","USA_HI_H210780_2020","HI","B1243","blue"
"1645","USA_HI_H210781_2020","HI","B1243","blue"
"1646","USA_HI_H210783_2020","HI","B1243","blue"
"1647","USA_HI_H210784_2020","HI","B1243","blue"
"1648","USA_HI_H210785_2020","HI","B1243","blue"
"1649","USA_HI_H210788_2020","HI","B1243","blue"
"1650","USA_HI_H210790_2020","HI","B1243","blue"
"1651","USA_HI_H210791_2020","HI","B1243","blue"
"1652","USA_HI_H210792_2020","HI","B1243","blue"
"1653","USA_HI_H210793_2020","HI","B1243","blue"
"1654","USA_HI_H210794_2020","HI","B1243","blue"
"1655","USA_HI_H210795_2020","HI","B1243","blue"
"1656","USA_HI_H210796_2020","HI","B1243","blue"
"1657","USA_HI_H210797_2020","HI","B1243","blue"
"1658","USA_HI_H210798_2020","HI","B1243","blue"
"1659","USA_HI_H210799_2020","HI","B1243","blue"
"1660","USA_HI_H210800_2020","HI","B1243","blue"
"1661","USA_HI_H210801_2020","HI","B1243","blue"
"1662","USA_HI_H210802_2020","HI","B1243","blue"
"1663","USA_HI_H210803_2020","HI","B1243","blue"
"1664","USA_HI_H210804_2020","HI","B1243","blue"
"1665","USA_HI_H210805_2020","HI","B1243","blue"
"1666","USA_HI_H210806_2020","HI","B1243","blue"
"1667","USA_HI_H210807_2020","HI","B1243","blue"
"1668","USA_HI_H210808_2020","HI","B1243","blue"
"1669","USA_HI_H210809_2020","HI","B1243","blue"
"1670","USA_HI_H210810_2020","HI","B1243","blue"
"1671","USA_HI_H210815_2021","HI","B1243","blue"
"1672","USA_HI_H210816_2021","HI","B1243","blue"
"1673","USA_HI_H210817_2021","HI","B1243","blue"
"1674","USA_HI_H210818_2021","HI","B1243","blue"
"1675","USA_HI_H210819_2021","HI","B1243","blue"
"1676","USA_HI_H210820_2021","HI","B1243","blue"
"1677","USA_HI_H210821_2021","HI","B1243","blue"
"1678","USA_HI_H210822_2020","HI","B1243","blue"
"1679","USA_HI_H210823_2020","HI","B1243","blue"
"1680","USA_HI_H210824_2020","HI","B1243","blue"
"1681","USA_HI_H210825_2020","HI","B1243","blue"
"1682","USA_HI_H210826_2020","HI","B1243","blue"
"1683","USA_HI_H210827_2020","HI","B1243","blue"
"1684","USA_HI_H210828_2020","HI","B1243","blue"
"1685","USA_HI_H210829_2020","HI","B1243","blue"
"1686","USA_HI_H210830_2020","HI","B1243","blue"
"1687","USA_HI_H210831_2020","HI","B1243","blue"
"1688","USA_HI_H210832_2020","HI","B1243","blue"
"1689","USA_HI_H210833_2020","HI","B1243","blue"
"1690","USA_HI_H210834_2020","HI","B1243","blue"
"1691","USA_HI_H210835_2020","HI","B1243","blue"
"1692","USA_HI_H210836_2020","HI","B1243","blue"
"1693","USA_HI_H210837_2020","HI","B1243","blue"
"1694","USA_HI_H210838_2020","HI","B1243","blue"
"1695","USA_HI_H210839_2020","HI","B1243","blue"
"1696","USA_HI_H210840_2020","HI","B1243","blue"
"1697","USA_HI_H210841_2020","HI","B1243","blue"
"1698","USA_HI_H210842_2020","HI","B1243","blue"
"1699","USA_HI_H210843_2020","HI","B1243","blue"
"1700","USA_HI_H210844_2020","HI","B1243","blue"
"1701","USA_HI_H210845_2020","HI","B1243","blue"
"1702","USA_HI_H210847_2020","HI","B1243","blue"
"1703","USA_HI_H210849_2020","HI","B1243","blue"
"1704","USA_HI_H210850_2020","HI","B1243","blue"
"1705","USA_HI_H210851_2020","HI","B1243","blue"
"1706","USA_HI_H210852_2020","HI","B1243","blue"
"1707","USA_HI_H210853_2020","HI","B1243","blue"
"1708","USA_HI_H210854_2020","HI","B1243","blue"
"1709","USA_HI_H210855_2020","HI","B1243","blue"
"1710","USA_HI_H210856_2020","HI","B1243","blue"
"1711","USA_HI_H210857_2020","HI","B1243","blue"
"1712","USA_HI_H210858_2020","HI","B1243","blue"
"1713","USA_HI_H210861_2020","HI","B1243","blue"
"1714","USA_HI_H210862_2020","HI","B1243","blue"
"1715","USA_HI_H210863_2021","HI","B1243","blue"
"1716","USA_HI_H210864_2020","HI","B1243","blue"
"1717","USA_HI_H210865_2021","HI","B1243","blue"
"1718","USA_HI_H210866_2020","HI","B1243","blue"
"1719","USA_HI_H210867_2020","HI","B1243","blue"
"1720","USA_HI_H210868_2021","HI","B1243","blue"
"1721","USA_HI_H210869_2021","HI","B1243","blue"
"1722","USA_HI_H210870_2021","HI","B1243","blue"
"1723","USA_HI_H210871_2021","HI","B1243","blue"
"1724","USA_HI_H210872_2021","HI","B1243","blue"
"1725","USA_HI_H210873_2021","HI","B1243","blue"
"1726","USA_HI_H210876_2020","HI","B1243","blue"
"1727","USA_HI_H210877_2020","HI","B1243","blue"
"1728","USA_HI_H210878_2020","HI","B1243","blue"
"1729","USA_HI_H210879_2020","HI","B1243","blue"
"1730","USA_HI_H210880_2020","HI","B1243","blue"
"1731","USA_HI_H210881_2020","HI","B1243","blue"
"1732","USA_HI_H210882_2020","HI","B1243","blue"
"1733","USA_HI_H210885_2021","HI","B1243","blue"
"1734","USA_HI_H210886_2021","HI","B1243","blue"
"1735","USA_HI_H210887_2021","HI","B1243","blue"
"1736","USA_HI_H210888_2021","HI","B1243","blue"
"1737","USA_HI_H210889_2021","HI","B1243","blue"
"1738","USA_HI_H210890_2021","HI","B1243","blue"
"1739","USA_HI_H210891_2021","HI","B1243","blue"
"1740","USA_HI_H210892_2021","HI","B1243","blue"
"1741","USA_HI_H210893_2021","HI","B1243","blue"
"1742","USA_HI_H210894_2021","HI","B1243","blue"
"1743","USA_HI_H210897_2020","HI","B1243","blue"
"1744","USA_HI_H210898_2021","HI","B1243","blue"
"1745","USA_HI_H210899_2021","HI","B1243","blue"
"1746","USA_HI_H210900_2021","HI","B1243","blue"
"1747","USA_HI_H210903_2020","HI","B1243","blue"
"1748","USA_HI_H210904_2020","HI","B1243","blue"
"1749","USA_HI_H210905_2020","HI","B1243","blue"
"1750","USA_HI_H210906_2020","HI","B1243","blue"
"1751","USA_HI_H210907_2020","HI","B1243","blue"
"1752","USA_HI_H210908_2020","HI","B1243","blue"
"1753","USA_HI_H210909_2020","HI","B1243","blue"
"1754","USA_HI_H210910_2020","HI","B1243","blue"
"1755","USA_HI_H210911_2021","HI","B1243","blue"
"1756","USA_HI_H210912_2021","HI","B1243","blue"
"1757","USA_HI_H210915_2021","HI","B1243","blue"
"1758","USA_HI_H210916_2021","HI","B1243","blue"
"1759","USA_HI_H210917_2021","HI","B1243","blue"
"1760","USA_HI_H210918_2021","HI","B1243","blue"
"1761","USA_HI_H210923_2020","HI","B1243","blue"
"1762","USA_HI_H210924_2020","HI","B1243","blue"
"1763","USA_HI_H210926_2020","HI","B1243","blue"
"1764","USA_HI_H210927_2020","HI","B1243","blue"
"1765","USA_HI_H210928_2021","HI","B1243","blue"
"1766","USA_HI_H210938_2021","HI","B1243","blue"
"1767","USA_HI_H210941_2021","HI","B1243","blue"
"1768","USA_HI_H210942_2021","HI","B1243","blue"
"1769","USA_HI_H210943_2021","HI","B1243","blue"
"1770","USA_HI_H210946_2020","HI","B1243","blue"
"1771","USA_HI_H210947_2020","HI","B1243","blue"
"1772","USA_HI_H210948_2020","HI","B1243","blue"
"1773","USA_HI_H210949_2020","HI","B1243","blue"
"1774","USA_HI_H210950_2020","HI","B1243","blue"
"1775","USA_HI_H210951_2020","HI","B1243","blue"
"1776","USA_HI_H210952_2020","HI","B1243","blue"
"1777","USA_HI_H210953_2020","HI","B1243","blue"
"1778","USA_HI_H210954_2021","HI","B1243","blue"
"1779","USA_HI_H210955_2021","HI","B1243","blue"
"1780","USA_HI_H210956_2021","HI","B1243","blue"
"1781","USA_HI_H210958_2021","HI","B1243","blue"
"1782","USA_HI_H210959_2021","HI","B1243","blue"
"1783","USA_HI_H210960_2021","HI","B1243","blue"
"1784","USA_HI_H210961_2021","HI","B1243","blue"
"1785","USA_HI_H210962_2021","HI","B1243","blue"
"1786","USA_HI_H210963_2021","HI","B1243","blue"
"1787","USA_HI_H210964_2021","HI","B1243","blue"
"1788","USA_HI_H210965_2021","HI","B1243","blue"
"1789","USA_HI_H210966_2021","HI","B1243","blue"
"1790","USA_HI_H210970_2020","HI","B1243","blue"
"1791","USA_HI_H210971_2020","HI","B1243","blue"
"1792","USA_HI_H210975_2020","HI","B1243","blue"
"1793","USA_HI_H210976_2020","HI","B1243","blue"
"1794","USA_HI_H210977_2020","HI","B1243","blue"
"1795","USA_HI_H210978_2021","HI","B1243","blue"
"1796","USA_HI_H210983_2020","HI","B1243","blue"
"1797","USA_HI_H210985_2020","HI","B1243","blue"
"1798","USA_HI_H210986_2020","HI","B1243","blue"
"1799","USA_HI_H210987_2020","HI","B1243","blue"
"1800","USA_HI_H210988_2021","HI","B1243","blue"
"1801","USA_HI_H211007_2021","HI","B1243","blue"
"1802","USA_HI_H211020_2021","HI","B1243","blue"
"1803","USA_HI_H211037_2021","HI","B1243","blue"
"1804","USA_HI_H211039_2021","HI","B1243","blue"
"1805","USA_HI_H211045_2021","HI","B1243","blue"
"1806","USA_HI_H211049_2021","HI","B1243","blue"
"1807","USA_HI_H211054_2020","HI","B1243","blue"
"1808","USA_HI_H211055_2020","HI","B1243","blue"
"1809","USA_HI_H211066_2020","HI","B1243","blue"
"1810","USA_HI_H211069_2020","HI","B1243","blue"
"1811","USA_HI_H211070_2020","HI","B1243","blue"
"1812","USA_HI_H211071_2020","HI","B1243","blue"
"1813","USA_HI_H211072_2020","HI","B1243","blue"
"1814","USA_HI_H211073_2020","HI","B1243","blue"
"1815","USA_HI_H211086_2021","HI","B1243","blue"
"1816","USA_HI_H211089_2020","HI","B1243","blue"
"1817","USA_HI_H211091_2021","HI","B1243","blue"
"1818","USA_HI_H211155_2021","HI","B1243","blue"
"1819","USA_HI_H211168_2021","HI","B1243","blue"
"1820","USA_HI_H211181_2021","HI","B1243","blue"
"1821","USA_HI_H211496_2021","HI","B1243","blue"
"1822","USA_HI_H211508_2021","HI","B1243","blue"
"1823","USA_HI_H211513_2021","HI","B1243","blue"
"1824","USA_HI_H211514_2021","HI","B1243","blue"
"1825","USA_HI_H212057_2020","HI","B1243","blue"
"1826","Wuhan_Hu_1_2019","Wuhan","B1243","grey"
