X,Y,Selection
p12,LA Waning,-1
p24,LA Waning,-1
p88,LA Waning,0
p106,LA Waning,-1
p181,LA Waning,0
p186,LA Waning,-1
p216,LA Waning,-1
p246,LA Waning,-1
p256,LA Waning,-1
p266,LA Waning,-1
p519,LA Waning,0
p549,LA Waning,-1
p564,LA Waning,0
p599,LA Waning,0
p615,LA Waning,-1
p647,LA Waning,0
p669,LA Waning,1
p718,LA Waning,-1
p730,LA Waning,0
p757,LA Waning,0
p866,LA Waning,0
p918,LA Waning,0
p924,LA Waning,-1
p943,LA Waning,0
p971,LA Waning,1
p998,LA Waning,1
p1097,LA Waning,0
p1215,LA Waning,0
p1234,LA Waning,0
p1270,LA Waning,-1
p1330,LA Waning,0
p1344,LA Waning,-1
p1397,LA Waning,-1
p1433,LA Waning,-1
p1438,LA Waning,0
p1649,LA Waning,0
p1673,LA Waning,-1
p1720,LA Waning,0
p1722,LA Waning,-1
p1821,LA Waning,-1
p1890,LA Waning,-1
p1907,LA Waning,-1
p1919,LA Waning,0
p1977,LA Waning,-1
p2033,LA Waning,0
p2073,LA Waning,-1
p2092,LA Waning,1
p2116,LA Waning,-1
p2134,LA Waning,0
p2147,LA Waning,0
p2195,LA Waning,-1
p2259,LA Waning,0
p2274,LA Waning,0
p2385,LA Waning,0
p2470,LA Waning,-1
p2494,LA Waning,0
p2560,LA Waning,-1
p2573,LA Waning,-1
p2587,LA Waning,-1
p2609,LA Waning,-1
p2760,LA Waning,-1
p2771,LA Waning,0
p2852,LA Waning,-1
p2856,LA Waning,0
p2861,LA Waning,-1
p2913,LA Waning,-1
p2983,LA Waning,-1
p2991,LA Waning,-1
p3055,LA Waning,-1
p3098,LA Waning,-1
p3100,LA Waning,-1
p3116,LA Waning,0
p3125,LA Waning,-1
p3198,LA Waning,-1
p3234,LA Waning,-1
p3238,LA Waning,-1
p3244,LA Waning,1
p3310,LA Waning,-1
p3338,LA Waning,-1
p3339,LA Waning,-1
p3353,LA Waning,1
p3366,LA Waning,0
p3368,LA Waning,-1
p3386,LA Waning,0
p3479,LA Waning,-1
p3488,LA Waning,0
p3494,LA Waning,-1
p3517,LA Waning,-1
p3523,LA Waning,-1
p3577,LA Waning,-1
p3591,LA Waning,0
p3606,LA Waning,1
p3633,LA Waning,-1
p3636,LA Waning,-1
p3675,LA Waning,1
p3676,LA Waning,1
p3707,LA Waning,-1
p3749,LA Waning,-1
p3769,LA Waning,-1
p3770,LA Waning,-1
p3776,LA Waning,-1
p3829,LA Waning,1
p3836,LA Waning,1
p3855,LA Waning,-1
p3856,LA Waning,-1
p3897,LA Waning,-1
p3899,LA Waning,-1
p3974,LA Waning,-1
p3995,LA Waning,-1
p4023,LA Waning,0
p4058,LA Waning,0
p4064,LA Waning,0
p4087,LA Waning,0
p4132,LA Waning,-1
p4235,LA Waning,-1
p4284,LA Waning,-1
p4366,LA Waning,-1
p4398,LA Waning,-1
p12,HI Waning,0
p24,HI Waning,0
p88,HI Waning,0
p106,HI Waning,0
p181,HI Waning,0
p186,HI Waning,0
p216,HI Waning,0
p246,HI Waning,0
p256,HI Waning,0
p266,HI Waning,0
p519,HI Waning,0
p549,HI Waning,-1
p564,HI Waning,0
p599,HI Waning,0
p615,HI Waning,0
p647,HI Waning,-1
p669,HI Waning,0
p718,HI Waning,0
p730,HI Waning,1
p757,HI Waning,-1
p866,HI Waning,1
p918,HI Waning,-1
p924,HI Waning,-1
p943,HI Waning,0
p971,HI Waning,0
p998,HI Waning,0
p1097,HI Waning,-1
p1215,HI Waning,0
p1234,HI Waning,1
p1270,HI Waning,0
p1330,HI Waning,0
p1344,HI Waning,0
p1397,HI Waning,0
p1433,HI Waning,0
p1438,HI Waning,0
p1649,HI Waning,0
p1673,HI Waning,0
p1720,HI Waning,0
p1722,HI Waning,0
p1821,HI Waning,0
p1890,HI Waning,0
p1907,HI Waning,0
p1919,HI Waning,-1
p1977,HI Waning,0
p2033,HI Waning,-1
p2073,HI Waning,0
p2092,HI Waning,0
p2116,HI Waning,0
p2134,HI Waning,-1
p2147,HI Waning,0
p2195,HI Waning,0
p2259,HI Waning,0
p2274,HI Waning,0
p2385,HI Waning,-1
p2470,HI Waning,0
p2494,HI Waning,0
p2560,HI Waning,0
p2573,HI Waning,-1
p2587,HI Waning,0
p2609,HI Waning,0
p2760,HI Waning,0
p2771,HI Waning,0
p2852,HI Waning,0
p2856,HI Waning,0
p2861,HI Waning,-1
p2913,HI Waning,0
p2983,HI Waning,0
p2991,HI Waning,0
p3055,HI Waning,0
p3098,HI Waning,0
p3100,HI Waning,0
p3116,HI Waning,0
p3125,HI Waning,0
p3198,HI Waning,0
p3234,HI Waning,0
p3238,HI Waning,0
p3244,HI Waning,0
p3310,HI Waning,0
p3338,HI Waning,-1
p3339,HI Waning,0
p3353,HI Waning,1
p3366,HI Waning,0
p3368,HI Waning,0
p3386,HI Waning,0
p3479,HI Waning,0
p3488,HI Waning,0
p3494,HI Waning,0
p3517,HI Waning,0
p3523,HI Waning,0
p3577,HI Waning,0
p3591,HI Waning,-1
p3606,HI Waning,1
p3633,HI Waning,0
p3636,HI Waning,0
p3675,HI Waning,0
p3676,HI Waning,0
p3707,HI Waning,0
p3749,HI Waning,0
p3769,HI Waning,0
p3770,HI Waning,0
p3776,HI Waning,0
p3829,HI Waning,1
p3836,HI Waning,0
p3855,HI Waning,0
p3856,HI Waning,0
p3897,HI Waning,0
p3899,HI Waning,0
p3974,HI Waning,0
p3995,HI Waning,0
p4023,HI Waning,0
p4058,HI Waning,0
p4064,HI Waning,0
p4087,HI Waning,0
p4132,HI Waning,0
p4235,HI Waning,0
p4284,HI Waning,0
p4366,HI Waning,0
p4398,HI Waning,0
p12,LA Expo,0
p24,LA Expo,0
p88,LA Expo,-1
p106,LA Expo,0
p181,LA Expo,-1
p186,LA Expo,0
p216,LA Expo,-1
p246,LA Expo,0
p256,LA Expo,0
p266,LA Expo,0
p519,LA Expo,0
p549,LA Expo,0
p564,LA Expo,0
p599,LA Expo,1
p615,LA Expo,-1
p647,LA Expo,0
p669,LA Expo,0
p718,LA Expo,0
p730,LA Expo,1
p757,LA Expo,0
p866,LA Expo,0
p918,LA Expo,0
p924,LA Expo,-1
p943,LA Expo,-1
p971,LA Expo,1
p998,LA Expo,0
p1097,LA Expo,-1
p1215,LA Expo,1
p1234,LA Expo,0
p1270,LA Expo,0
p1330,LA Expo,-1
p1344,LA Expo,0
p1397,LA Expo,0
p1433,LA Expo,0
p1438,LA Expo,0
p1649,LA Expo,-1
p1673,LA Expo,0
p1720,LA Expo,0
p1722,LA Expo,0
p1821,LA Expo,0
p1890,LA Expo,0
p1907,LA Expo,-1
p1919,LA Expo,0
p1977,LA Expo,0
p2033,LA Expo,0
p2073,LA Expo,0
p2092,LA Expo,0
p2116,LA Expo,0
p2134,LA Expo,0
p2147,LA Expo,-1
p2195,LA Expo,0
p2259,LA Expo,1
p2274,LA Expo,1
p2385,LA Expo,0
p2470,LA Expo,0
p2494,LA Expo,1
p2560,LA Expo,0
p2573,LA Expo,0
p2587,LA Expo,0
p2609,LA Expo,0
p2760,LA Expo,0
p2771,LA Expo,0
p2852,LA Expo,0
p2856,LA Expo,0
p2861,LA Expo,0
p2913,LA Expo,0
p2983,LA Expo,0
p2991,LA Expo,-1
p3055,LA Expo,0
p3098,LA Expo,0
p3100,LA Expo,0
p3116,LA Expo,1
p3125,LA Expo,0
p3198,LA Expo,0
p3234,LA Expo,0
p3238,LA Expo,0
p3244,LA Expo,0
p3310,LA Expo,-1
p3338,LA Expo,0
p3339,LA Expo,0
p3353,LA Expo,0
p3366,LA Expo,0
p3368,LA Expo,-1
p3386,LA Expo,-1
p3479,LA Expo,0
p3488,LA Expo,1
p3494,LA Expo,0
p3517,LA Expo,0
p3523,LA Expo,0
p3577,LA Expo,0
p3591,LA Expo,0
p3606,LA Expo,0
p3633,LA Expo,0
p3636,LA Expo,0
p3675,LA Expo,1
p3676,LA Expo,0
p3707,LA Expo,0
p3749,LA Expo,0
p3769,LA Expo,0
p3770,LA Expo,0
p3776,LA Expo,0
p3829,LA Expo,1
p3836,LA Expo,0
p3855,LA Expo,0
p3856,LA Expo,0
p3897,LA Expo,-1
p3899,LA Expo,0
p3974,LA Expo,-1
p3995,LA Expo,0
p4023,LA Expo,0
p4058,LA Expo,-1
p4064,LA Expo,1
p4087,LA Expo,1
p4132,LA Expo,0
p4235,LA Expo,0
p4284,LA Expo,0
p4366,LA Expo,0
p4398,LA Expo,0
p12,HI Expo,0
p24,HI Expo,0
p88,HI Expo,0
p106,HI Expo,0
p181,HI Expo,0
p186,HI Expo,0
p216,HI Expo,-1
p246,HI Expo,0
p256,HI Expo,0
p266,HI Expo,0
p519,HI Expo,1
p549,HI Expo,0
p564,HI Expo,-1
p599,HI Expo,0
p615,HI Expo,0
p647,HI Expo,0
p669,HI Expo,0
p718,HI Expo,0
p730,HI Expo,0
p757,HI Expo,0
p866,HI Expo,0
p918,HI Expo,0
p924,HI Expo,-1
p943,HI Expo,-1
p971,HI Expo,0
p998,HI Expo,0
p1097,HI Expo,0
p1215,HI Expo,0
p1234,HI Expo,0
p1270,HI Expo,0
p1330,HI Expo,0
p1344,HI Expo,0
p1397,HI Expo,0
p1433,HI Expo,0
p1438,HI Expo,-1
p1649,HI Expo,0
p1673,HI Expo,0
p1720,HI Expo,-1
p1722,HI Expo,0
p1821,HI Expo,0
p1890,HI Expo,0
p1907,HI Expo,-1
p1919,HI Expo,0
p1977,HI Expo,0
p2033,HI Expo,0
p2073,HI Expo,0
p2092,HI Expo,0
p2116,HI Expo,0
p2134,HI Expo,0
p2147,HI Expo,0
p2195,HI Expo,0
p2259,HI Expo,0
p2274,HI Expo,0
p2385,HI Expo,0
p2470,HI Expo,0
p2494,HI Expo,0
p2560,HI Expo,0
p2573,HI Expo,0
p2587,HI Expo,0
p2609,HI Expo,0
p2760,HI Expo,0
p2771,HI Expo,-1
p2852,HI Expo,0
p2856,HI Expo,-1
p2861,HI Expo,0
p2913,HI Expo,0
p2983,HI Expo,0
p2991,HI Expo,0
p3055,HI Expo,0
p3098,HI Expo,0
p3100,HI Expo,0
p3116,HI Expo,0
p3125,HI Expo,0
p3198,HI Expo,0
p3234,HI Expo,0
p3238,HI Expo,0
p3244,HI Expo,0
p3310,HI Expo,-1
p3338,HI Expo,0
p3339,HI Expo,0
p3353,HI Expo,1
p3366,HI Expo,-1
p3368,HI Expo,0
p3386,HI Expo,0
p3479,HI Expo,0
p3488,HI Expo,0
p3494,HI Expo,0
p3517,HI Expo,0
p3523,HI Expo,0
p3577,HI Expo,0
p3591,HI Expo,0
p3606,HI Expo,0
p3633,HI Expo,0
p3636,HI Expo,0
p3675,HI Expo,0
p3676,HI Expo,0
p3707,HI Expo,0
p3749,HI Expo,0
p3769,HI Expo,0
p3770,HI Expo,0
p3776,HI Expo,0
p3829,HI Expo,1
p3836,HI Expo,0
p3855,HI Expo,0
p3856,HI Expo,0
p3897,HI Expo,0
p3899,HI Expo,0
p3974,HI Expo,0
p3995,HI Expo,0
p4023,HI Expo,-1
p4058,HI Expo,0
p4064,HI Expo,0
p4087,HI Expo,0
p4132,HI Expo,0
p4235,HI Expo,0
p4284,HI Expo,0
p4366,HI Expo,0
p4398,HI Expo,0
p5,LA Waning,1
p34,LA Waning,0
p53,LA Waning,-1
p68,LA Waning,-1
p98,LA Waning,1
p138,LA Waning,1
p142,LA Waning,1
p144,LA Waning,-1
p145,LA Waning,1
p173,LA Waning,-1
p181,LA Waning,1
p217,LA Waning,0
p221,LA Waning,1
p222,LA Waning,1
p230,LA Waning,-1
p245,LA Waning,1
p281,LA Waning,0
p293,LA Waning,-1
p321,LA Waning,-1
p398,LA Waning,0
p412,LA Waning,0
p424,LA Waning,-1
p432,LA Waning,-1
p484,LA Waning,-1
p501,LA Waning,1
p508,LA Waning,-1
p513,LA Waning,-1
p535,LA Waning,-1
p573,LA Waning,0
p578,LA Waning,0
p583,LA Waning,1
p645,LA Waning,-1
p653,LA Waning,1
p682,LA Waning,-1
p688,LA Waning,1
p701,LA Waning,0
p764,LA Waning,-1
p769,LA Waning,0
p793,LA Waning,0
p824,LA Waning,-1
p845,LA Waning,0
p890,LA Waning,0
p951,LA Waning,-1
p1021,LA Waning,0
p1030,LA Waning,0
p1065,LA Waning,0
p1118,LA Waning,1
p1191,LA Waning,1
p1211,LA Waning,-1
p1219,LA Waning,1
p1238,LA Waning,-1
p1262,LA Waning,0
p5,HI Waning,1
p34,HI Waning,0
p53,HI Waning,0
p68,HI Waning,0
p98,HI Waning,0
p138,HI Waning,0
p142,HI Waning,0
p144,HI Waning,0
p145,HI Waning,0
p173,HI Waning,0
p181,HI Waning,0
p217,HI Waning,-1
p221,HI Waning,0
p222,HI Waning,0
p230,HI Waning,0
p245,HI Waning,0
p281,HI Waning,1
p293,HI Waning,0
p321,HI Waning,0
p398,HI Waning,-1
p412,HI Waning,-1
p424,HI Waning,0
p432,HI Waning,0
p484,HI Waning,0
p501,HI Waning,1
p508,HI Waning,0
p513,HI Waning,0
p535,HI Waning,0
p573,HI Waning,1
p578,HI Waning,-1
p583,HI Waning,0
p645,HI Waning,0
p653,HI Waning,0
p682,HI Waning,0
p688,HI Waning,0
p701,HI Waning,1
p764,HI Waning,0
p769,HI Waning,1
p793,HI Waning,-1
p824,HI Waning,0
p845,HI Waning,0
p890,HI Waning,-1
p951,HI Waning,0
p1021,HI Waning,0
p1030,HI Waning,-1
p1065,HI Waning,-1
p1118,HI Waning,0
p1191,HI Waning,0
p1211,HI Waning,0
p1219,HI Waning,0
p1238,HI Waning,0
p1262,HI Waning,0
p5,LA Expo,0
p34,LA Expo,-1
p53,LA Expo,0
p68,LA Expo,0
p98,LA Expo,1
p138,LA Expo,0
p142,LA Expo,0
p144,LA Expo,0
p145,LA Expo,0
p173,LA Expo,0
p181,LA Expo,0
p217,LA Expo,0
p221,LA Expo,1
p222,LA Expo,0
p230,LA Expo,0
p245,LA Expo,0
p281,LA Expo,0
p293,LA Expo,0
p321,LA Expo,0
p398,LA Expo,0
p412,LA Expo,0
p424,LA Expo,0
p432,LA Expo,0
p484,LA Expo,0
p501,LA Expo,0
p508,LA Expo,0
p513,LA Expo,0
p535,LA Expo,0
p573,LA Expo,0
p578,LA Expo,0
p583,LA Expo,0
p645,LA Expo,0
p653,LA Expo,0
p682,LA Expo,0
p688,LA Expo,0
p701,LA Expo,0
p764,LA Expo,0
p769,LA Expo,0
p793,LA Expo,0
p824,LA Expo,0
p845,LA Expo,0
p890,LA Expo,0
p951,LA Expo,-1
p1021,LA Expo,0
p1030,LA Expo,0
p1065,LA Expo,0
p1118,LA Expo,0
p1191,LA Expo,0
p1211,LA Expo,0
p1219,LA Expo,0
p1238,LA Expo,0
p1262,LA Expo,0
p5,HI Expo,1
p34,HI Expo,0
p53,HI Expo,-1
p68,HI Expo,0
p98,HI Expo,0
p138,HI Expo,0
p142,HI Expo,0
p144,HI Expo,0
p145,HI Expo,0
p173,HI Expo,0
p181,HI Expo,0
p217,HI Expo,0
p221,HI Expo,0
p222,HI Expo,0
p230,HI Expo,0
p245,HI Expo,0
p281,HI Expo,0
p293,HI Expo,0
p321,HI Expo,0
p398,HI Expo,0
p412,HI Expo,0
p424,HI Expo,0
p432,HI Expo,0
p484,HI Expo,0
p501,HI Expo,0
p508,HI Expo,0
p513,HI Expo,0
p535,HI Expo,0
p573,HI Expo,0
p578,HI Expo,0
p583,HI Expo,0
p645,HI Expo,0
p653,HI Expo,0
p682,HI Expo,0
p688,HI Expo,0
p701,HI Expo,0
p764,HI Expo,0
p769,HI Expo,0
p793,HI Expo,0
p824,HI Expo,0
p845,HI Expo,1
p890,HI Expo,0
p951,HI Expo,0
p1021,HI Expo,-1
p1030,HI Expo,0
p1065,HI Expo,0
p1118,HI Expo,0
p1191,HI Expo,0
p1211,HI Expo,0
p1219,HI Expo,0
p1238,HI Expo,0
p1262,HI Expo,-1
p18,LA Waning,0
p23,LA Waning,0
p30,LA Waning,0
p120,LA Waning,0
p18,HI Waning,0
p23,HI Waning,0
p30,HI Waning,0
p120,HI Waning,1
p18,LA Expo,0
p23,LA Expo,0
p30,LA Expo,0
p120,LA Expo,0
p18,HI Expo,-1
p23,HI Expo,-1
p30,HI Expo,-1
p120,HI Expo,0
